"Post ID";Alias;Title;Category;"Media Type";Media;Description;Text;Date;Visibility;"Direct Link";"Direct Target";"Thumb Image";"Author Name";"SEO Keywords";"Social Title";"Social Description";"Social Image"
scl72y17a1;;"Открыли сезон плавания на открытой воде 2026";;gallery;"https://static.tildacdn.com/tild3464-6135-4630-a361-316262376363/IMG_20260613_181213_.jpg;https://static.tildacdn.com/tild3564-6530-4864-b130-373839363932/IMG_20260613_181213_.jpg";"13-14 июня";"Западная Сибирь, классное лето пришло в Ханты-Мансийск.<br /><br />13 июня 2026 открыли сезон плавания на открытой воде.<br /><br />С локациями, где плавали раньше, произошли изменения, да такое оказывается может быть и с естественными водоемами. Новым плавательным местом выбрали ""стихийный городской пляж"", первый заплыв был разведывательный, наплавали 2 км, определились с дальнейшими тренировочными дистанциями.<br />Вода 18-19 градусов.<br /><br />До встречи на пляже! Команда LPCREW";"2026-06-14 15:07:00+05:00";published;;FALSE;;LenaLera;;;;
hr3t6fvi41;;"СберПрайм Зелёный Марафон";;gallery;"https://static.tildacdn.com/tild3631-6335-4334-b030-316335363239/20260530_0922031.jpg;https://static.tildacdn.com/tild6666-3333-4237-b864-616635393065/Photo_0452_resized.jpg;https://static.tildacdn.com/tild6134-3938-4863-b262-616637353234/IMG_20260602_082737_.jpg";"Не только плаваем, еще и классно бегаем
";"30 мая ПАО Сбербанк провел благотворительный забег «СберПрайм Зелёный Мар<span style=""color: rgb(53, 64, 71);"">афон».</span><br /><br />Проект направлен на развитие массового спорта и поддержку благотворительных инициатив. В рамках мероприятия осуществляется сбор пожертвований в пользу <span style=""color: rgb(39, 40, 40);"">Благотворительного фонда «Вклад в будущее». </span><span style=""color: rgb(53, 64, 71);"">Е</span>жегодно забег проходит более чем в 60 городах России. <br /><br />Командой LPCREW пробежали все дистанции:<br />400 м дети Лера Парфенова<br />1 км дети Гавриил Биргер - завоевал 3 место!<br />1 км Ольга Биргер<br />4,2 км Олеся Ванифатьева<br />10 км Елена Парфенова, Артём Гимгин<br />21,1 км Андрей Ерицов <br /><br />Поздравляем с успешным преодолением выбранных дистанций! <br /><br />Не только плаваем, еще и классно бегаем 🏃🤩";"2026-06-02 10:45:00+05:00";published;;FALSE;;LenaLera;;;;
u4i4h7rud1;;"X-WATERS AZOV 2026";;gallery;"https://static.tildacdn.com/tild3333-6338-4238-b265-656162373461/IMG_20260526_003541_.jpg;https://static.tildacdn.com/tild3437-6636-4531-a130-653134386531/IMG_20260523_134456_.jpg";"Золотой дубль на Азовском море";"23 мая 2026 год станица Должанская, Азовское море и уникалый ракушечный пляж.<br /><br />Открытие плавательного сезона на открытой воде для команды LPCREW состоялось золотым дублем.<br /><br />Тренер команды Елена Парфенова одержала победу на дистанци 2,5 км днем и выиграла закатный заплыв на 500 метров.<br /><br />Вперед в классный плавательный летний сезон!<br /><br /><br />";"2026-05-27 14:46:00+05:00";published;;FALSE;;LenaLera;;;;
ettafvked1;;"Югорский Марафон посвященный Победе в Великой Отечественной войне";;image;https://static.tildacdn.com/tild6339-6561-4463-a266-663461623362/20260517_124114.jpg;"81-ая годовщина, дистанция 81 25ти метровый бассейн";"Традиционно в преддверии праздника 9 мая в бассейнах Ханты-Мансийского автономного округа-Югры прохошли Региональные заочные соревнования по плаванию «Югорский марафон» посвященный 81-ой годовщине Победы в Великой Отечественной войне. Дистанция 2025 метров (восемдесят один 25-ти метровый бассейн). Организаторы Федерация плавания и водного поло Югры.<br /><br />От команды LPcrew выступили 5 человек:<br />1 место: Ольга Биргер, Андрей Бужинский и тренер команды Елена Парфенов.<br /><br />В цветочную церемонию (4-8 места) вошли: Лилия Рахматулина, Татьяна Евсюкова.<br /><br />На фото тренер команды и Татьяна Евсюкова.";"2026-05-23 13:30:00+05:00";published;;FALSE;;LenaLera;;;;
i580yekf61;;"Indoor триатлон в Ханты-Мансийске";;gallery;"https://static.tildacdn.com/tild6561-6139-4530-b665-316462343734/IMG_20260309_231013_.jpg;https://static.tildacdn.com/tild3762-6463-4534-b530-366238646330/InShot_20260309_2335.jpg;https://static.tildacdn.com/tild3563-3963-4532-a231-323066346665/IMG_20260309_231014_.jpg";"Наталья Долматова победитель абсолютного зачёта среди женщин";"07 марта 2026 года в преддверии весеннего праздника в столице Югры прошёл первый официальный старт по триатлону для любителей в формате Indoor на базе спортивного комплекса Югорского государственного университета. Организаторы - Федерация триатлона Югры.<br /><br />Дистанция ультра спринт включает 370 м плавания, 7 км сайклинга и 2 км бег на механических ультрасовременных беговых дорожках.<br /><br />Участники отметили высокий уровень организации и технического оснащения старта. Участниками соревнований стали не только жители г. Ханты-Мансийска. Проверить свои силы в indoor триатлоне приехали спортсмены любители из г. Югорск, г. Сургут, г. Калининград, г. Екатеринбург.<br /><br />Абсолютным победителем среди женщин стала представитель команды LPCREW Долматова Наталья. Общее время преодоления дистанции составило 29 минут 53 сек.<br /><br />Победой Натальи вдохновились пловцы команды LPCREW, а Галина Матросова написала прекрасное стихотворенние:<br /><br />Плыла, крутила и неслась,<br />Сквозь воду, ветер и преграды.<br />Мечта сегодня удалась,<br />Дороже золота награда.<br />Наташа — лидер, чемпион,<br />Ей покорился триатлон.<br />Звучит победный перезвон,<br />Со всех сторон летит поклон.<br /><br />Поздравляем Наталью и очень гордимся!<br /><br />Для всех участников и организаторов этот старт стал незабываемым подарком.<br /><br />Всем весны и спорта!";"2026-03-09 23:30:00+05:00";published;;FALSE;;LPcrew;;"Indoor триатлон в Ханты-Мансийске";"Наталья Долматова победитель абсолютного зачета";https://static.tildacdn.com/tild3633-3834-4164-b036-373361356666/IMG_20260309_231013_.jpg
20lg9omjf1;;"Югорский марафон ""осень-зима 2025""";;image;https://static.tildacdn.com/tild6236-6333-4262-b035-653735373065/20251218_200224.jpg;"2 этап 3700 м и итоги общего зачёта";"Завершаем 2025 год Региональными заочными соревнованиями по плаванию  ""Югорский марафон"" от Федерации плавания и водного поло Югры.<br /><br />Во втором этапе дистанция была 2 морские мили - 3700 метров.<br /><br />Смельчаки команды LPcrew:<br />1 место - Наталья Долматова, Камиля Рахматулина, тренер команды Елена Парфёнова.<br />В цветочную церемонию (4-8 места) на 4 строчке вошли: Татьяна Евсюкова и Лилия Рахматулина.<br /><br />Итоговый зачет по сумме результатов двух этапов (1850 метров и 3700 метров):<br />1 место - Наталья Долматова, Камиля Рахматулина, Елена Парфёнова.<br />4 место - Татьяна Евсюкова.<br /><br />Поздравляем победителей, призеров, и очень гордимся Вами!";"2025-12-20 17:40:00+05:00";published;;FALSE;;LenaLera;;;;
kynv697121;;"Итоги X-WATERS World Championship 2025";;gallery;"https://static.tildacdn.com/tild3933-6134-4234-b034-393637663438/20251207_111917.jpg;https://static.tildacdn.com/tild6563-3232-4336-a335-616631653130/20251207_104656.jpg;https://static.tildacdn.com/tild6335-6538-4364-b930-396263313738/20251207_103821.jpg;https://static.tildacdn.com/tild3262-3235-4433-b865-323464326535/IMG_20251203_200255_.jpg;https://static.tildacdn.com/tild3539-6339-4235-b833-316634323235/IMG_20251203_200255_.jpg";"Классный плавательный сезон провели";"Наша команда LPCREW в рейтинге X-WATERS по среднему баллу на<br /><strong>13 месте</strong> (среди 49 плавательных клубов): наш средний балл 787 ( 6 баллов до топ-10) отличнейший результат!<br /><br /><strong>33 место </strong>(среди 200 плавательных клубов) по сумме очков: проплыли 35 дистанций и заработали 27545 очков - и это наш то небольшой Сибирский клуб! <br /><br /><strong>Личный зачет</strong>:<br />В рейтинг ТОП-100 пловцов вошли и стали обладателями золотой плавательной шапочки:<br /><br />Камиля Рахматулина на 79 строчке: 5 заплывов, сумма очков 3995.<br /><br />Тренер на 10 строчке: 10 заплывов, сумма 5ти лучших дистанций 4970 очков.<br /><br />Далее места рейтинга среди более 2700 плывущих девушек распрелелились так:<br /><br />Лиля Рахматулина на 145 строчке: 6 заплывов, сумма 3432.<br /><br />Ольга Биргер на 345 строчке: 4 заплыва, сумма 2228.<br /><br />Татьяна Евсюкова на 453 строчке: 3 заплыва, сумма 1929.<br /><br />Катарина Гапоненко: 2 заплыва, сумма 1322.<br /><br />Прекрасное завершение плавательного сезона и 2025 года ❤️🎄<br /><br />СПАСИБО! Дорогие и любимые пловцы, Ваш тренер Лена Сергеевна";"2025-12-08 19:54:00+05:00";published;;FALSE;;;;;;
nydtrzvyx1;;"Югорский марафон ""осень-зима 2025""";;image;https://static.tildacdn.com/tild6165-3636-4566-a134-616539393666/20251118_2008301.jpg;"1 этап 1850 метров";"В бассейнах Ханты-Мансийского автономного округа уже стали традиционными Региональные заочные соревнования по плаванию ""Югорский марафон"" от Федерации плавания и водного поло Югры.<br /><br />С 1 ноября по 7 декабря 2025 года прошёл первый этап соревнований осень-зима 2025 года «Югорский марафон - 1 морская миля» на дистанции 1850 метров.<br /><br />Команда LPcrew показала отличные результаты:<br /><br />Три дебютанта на длинной дистанции: Ирина Кудрявцева, Ольга Татаринова и Андрей Бужинский.<br /><br />1 место - Наталья Долматова, Камиля Рахматулина, Андрей Бужинский, тренер команды Елена Парфёнова.<br /><br />В цветочную церемонию (4-8 места) на пятой строчке вошла Татьяна Евсюкова.<br /><br />Далее места распрелелились:<br />Виктория Раевская 11-ая<br />Ирина Кудрявцева 12-ая";"2025-11-23 18:42:00+05:00";published;;FALSE;;LenaLera;;;;
tfhoxd4j81;;"Наши в КИНО";;gallery;"https://static.tildacdn.com/tild6666-3433-4234-b262-626165613937/IMG_20251105_130343_.jpg;https://static.tildacdn.com/tild3631-3830-4665-b365-323262363166/IMG_20251105_130304_.jpg;https://static.tildacdn.com/tild3939-6664-4435-b961-623264623564/IMG_20251105_130336_.jpg;https://static.tildacdn.com/tild3064-6334-4464-a334-623936386138/IMG_20251105_130256_.jpg;https://static.tildacdn.com/tild3763-6464-4036-a636-633536636163/20251115_141601.jpg;https://static.tildacdn.com/tild3362-3162-4137-a563-643936653137/IMG_20251105_130251_.jpg";"Эльвира Халилова приняла участие в съемках фильма Горыныч
";"Фильм-сказка ""Горыныч"", снятый режиссёром Дмитрием Хониным, вышел в прокат 23 октября 2025 года.<br /><br />В съемках фильма приняла участие начинающий пловец команды LPCREW Эльвира Халилова как актёр массовых сцен.<br /><br />В прошедшие выходные командой сходили в кино посмотрели фильм и отметили как гармонично вошла в образ наша киноактриса.<br /><br />Съёмки фильма проходили в Тобольске в июле 2024 года.<br /><br />Поздравляем с новым и интересным опытом! И очень гордимся!";"2025-11-16 21:33:00+05:00";published;;FALSE;;LenaLera;;;;
et7avnyg21;;"Математика сезона 2024/2025";;image;https://static.tildacdn.com/tild3638-6566-4264-b861-636630313963/IMG_20250223_162053_.jpg;"О прошедшем плавательном сезоне команды в цифрах";"Завершаем сезон 2024/2025 осенним заплывом в теплом ""атомном море"" XW Nuclear.<br /><br />О прошедшем плавательном сезоне команды LPCREW в цифрах.<br /><br />Покорили 7 новых водоемов:<br />Андаманское море (Индийский океан)<br />Живописная бухта (г. Красногорск)<br />Истринское водохранилище (г. Истра)<br />Рузское водохранилище (г. Руза)<br />река Волга (г. Нижний Новгород)<br />озеро Бирюзовая Катунь (Алтай)<br />Клязьминское водохранилище (д. Пирогово)<br /><br />Проплыли соревновательных 116 км 850 метров.<br /><br />Так же пловцы команды LPCREW участвовали в триатлоне, акватлоне, лыжном марафоне и забеге в шлепках!<br /><br />Три человека из команды впервые приняли участие в соревнованиях: на открытой воде -Татьяна Евсюкова и Лера Парфенова, заплывы в бассейне: Дарья Румянцева.<br /><br />И на 13 человек стало больше плавающих детей и взрослых людей.";"2025-09-24 21:19:00+05:00";published;;FALSE;;LenaLera;;;;
lkryakhjz1;;"Самая жаркая золотая осень!";;gallery;"https://static.tildacdn.com/tild6135-6161-4563-b433-616265383663/IMG_20250921_094357_.jpg;https://static.tildacdn.com/tild6630-6463-4566-b966-396334366462/X-Waters-____1.jpg;https://static.tildacdn.com/tild3063-3434-4531-b732-343466356630/IMG_20250919_232214_.jpg;https://static.tildacdn.com/tild6433-3634-4135-b232-396136663639/IMG_20250919_232229_.jpg;https://static.tildacdn.com/tild3938-3763-4530-b338-663338663365/IMG_20250920_172637_.jpg;https://static.tildacdn.com/tild6138-3936-4332-b661-623535646263/IMG_20250921_094318_.jpg;https://static.tildacdn.com/tild3039-3936-4238-b064-343739306133/IMG_20250919_211936_.jpg";"'
Завершение плавательного сезона в Атомном море";"Где плавать в сентябре без гидрокостюма?<br />Конечно на международном чемпионате X-WATERS Nuclear в Смоленской области в городе Десногорск. <br /><br />Четыре человека команды LPCREW: Татьяна Евсюкова, Лилия Рахматулина, тренер Елена Парфёнова и самая юная участница команды Лера Парфёнова окунулись в тёплое Атомное море - Десногорское водохранилище.<br /><br />Это пруд-охладитель Смоленской АЭС. Те участки, где сбрасываются теплые воды с электростанции, не замерзают даже зимой. С этим и связана уникальная особенность искусственного озера. Вода в водохранилище чистая, без малейших признаков радиации. Здесь разрешено купание и ловля рыбы. <br /><br />Температура воды 26 градусов, гидрокостюмы запрещены. <br /><br />Прошло два насыщенных соревновательных праздничных дня: <br /><br />В пятницу 19 сентября состоялся ночной заплыв длинной 750 метров: <br />Елена Парфенова - 11.20,7 - 2 место в абсолютном зачёте,<br />Лилия Рахматулина 16.54,0 - топ-50 девушек ночного заплыва,<br />Татьяна Евсюкова 20.55,5 - 6-ая в категории Ж50.<br /><br />Суббота 20 сентября была насыщенна разными заплывами от 50 метров до 10 километров:<br /><br />Дистанция ""без пяти 5 км"" (длинна 4,8 км):<br />Елена Парфенова 1.12.45,7 - 2 место в абсолютном зачёте,<br />Лилия Рахматулина 1.41.52,0 - в топ-10 категории Ж30.<br /><br />Татьяна Евсюкова проплыла дистанцию одна миля за 44.45,6 и вошла в Топ-100 участниц на этой дистанции.<br /><br />Самую короткую дистанцию длинной в 50 метров плыли дети с 7 до 9 лет: Лера Парфенова проплыла за 1 мин 36 секунд.<br /><br />Поздравляем! И очень гордимся! <br /><br />Спасибо организаторам заплыва и Смоленской АЭС, которая подогревает воду для того, чтоб мы красиво закрыли сезон!";"2025-09-22 18:12:00+05:00";published;;FALSE;;LenaLera;;;;
lxcyz6t2r1;;"Наталья Долматова на ALTAI3RACE 113";;gallery;"https://static.tildacdn.com/tild3536-3931-4366-b439-336335633063/IMG_20250902_105507_.jpg;https://static.tildacdn.com/tild6137-3933-4332-a365-306139643336/IMG_20250902_105507_.jpg;https://static.tildacdn.com/tild6632-3637-4866-b736-353930643434/IMG_20250902_110901_.jpg;https://static.tildacdn.com/tild6362-3437-4130-b265-653635303563/IMG_20250902_110857_.jpg;https://static.tildacdn.com/tild3433-6530-4734-b566-653531343337/IMG_20250902_105507_.jpg;https://static.tildacdn.com/tild6463-3434-4830-b438-366338333064/IMG_20250902_105508_.jpg;https://static.tildacdn.com/tild3133-3964-4532-b334-616133653038/IMG_20250902_110857_.jpg";"Алтайский край, особая экономическая зона «Бирюзовая Катунь» <br /><br />";"Участники команды LPCREW продолжают расширять географию выступлений в сорнвнованиях.<br /><br />24 августа на территории особой экономической зоны «Бирюзовая Катунь» состоялся Сибирский фестиваль триатлона ALTAI3RACE 113. Дистанция: 1,9 км плавание - 90 км велогонка - 21,1 км бег.<br /><br />Особая экономическая зона туристско-рекреационного типа «Бирюзовая Катунь» - крупный единый комплекс природного и экстремального туризма в горах, расположенный на берегу горной реки Катунь.<br /><br />Долматова Наталья в составе смешанной эстафетной команды TaxTriClub преодолела водный этап 1,9 км за 35 мин. 39 сек. Общее время преодоления командой ""полужелезной"" дистанции113 км - 4 часа 45 мин 29 сек, что позволило участникам занять почетное 2 место среди эстафетных команд.<br /><br />Поздравляем! И очень гордимся!";"2025-09-02 11:04:00+05:00";published;;FALSE;;LPcrew;;;;
2bypo2svb1;;"37th Bosphorus Cross-Continental Swimming Race.";;gallery;"https://static.tildacdn.com/tild3037-3162-4239-a436-306365346535/InShot_20250825_1647.jpg;https://static.tildacdn.com/tild6333-3439-4363-b135-356334353431/InShot_20250825_1614.jpg;https://static.tildacdn.com/tild6537-3963-4237-b039-303461643461/1000209545.jpg";"24.08.2025 Лилия Рахматулина - получила звание Межконтинентального пловца.";"Босфор — пролив между Европой и Азией, соединяющий Чёрное море с Мраморным.<br /><br />Популярный Межконтинентальный заплыв длинною в 6,5 км через пролив Босфор собирает тысячи участников со всего мира. Организоваторы Олимпийский комитет Турции.<br /><br />Год от года финишное время пловцов рознится, все зависит от скорости течения. В этом году пролив был не такой стремительный.<br /><br />Пловцы стартуют на азиатской стороне Стамбула и финишируют в европейской. Успешный финиш позволяет получить звание «Межконтинентального пловца».<br /><br />Лилия Рахматулина участница команды LPCREW финишировала с результатом 1час 41мин. 21сек. и получила звание Межконтинентального пловца!<br /><br />Впечатления и эмоции после успешного финиша от Лили:<br /><br />""Я переплыла Босфор! Сегодня я могу сказать это вслух. Мечта исполнилась, все вышло. Подготовка тренера, поддержка команды и близких, и вот она заветная медаль. Кораблик по маршруту, новые знакомства накануне. Утро стартового дня: погрузка на кораблики, а на небе тучки, которые выльются в ливень, прямо перед стартом. Старт с задержкой, прыжок с понтона и больше нет вариантов, только плыть. Первый ориентир. Желание под мостом загадано, следующий ориентир. Гребок. Медузы, но они очень глубоко. Вот уже начинаешь искать Галатасарай. Все шло стремительно, а потом течение закончилось. Вот уже виден финиш, но мои гребки не приближают меня. Цепляюсь за ребят, которые меня обгоняют и наконец-то финиширую. Чувство удовлетворения. Но на вопрос поплыла бы я еще - я сомневаюсь. Хотя- это сегодня, а что я буду думать через месяц, не знаю!""<br /><br />Поздравляем и очень гордимся!";"2025-08-25 18:49:00+05:00";published;;FALSE;;LenaLera;;;;
k17by5cym1;;"Дарья Румянцева лучшая на забеге в шлепках";;gallery;"https://static.tildacdn.com/tild3562-3137-4030-b038-663038333137/6GzFQSAGMMc.jpg;https://static.tildacdn.com/tild3235-3732-4265-b665-386231653638/6O5m4ieNNLA.jpg;https://static.tildacdn.com/tild3965-3663-4037-a161-313266636538/LrbK2WP9T7g.jpg";"Июль 2025, с. Каракулино Удмуртской Республики, Праздник вишни<br /><br />";"Расширяем географию стартов. <br /><br />В с. Каракулино Удмуртской Республики проходит каждый год праздник вишни.<br /><br />Праздник вишни не обошёлся без спорта. Состоялся ""Вишнёвый шлёп-старт"" - забег в шлёпках на дистанцию 200 метров. Соревнования прошли под девизом ""Шлепал в каракулино"".<br /><br />Участница команды LPCREW Дарья Румянцева в отпуске приняла участие в этом необычном забеге и одержала победу. <br /><br />""Азарт, смех, летящие шлёпки и весёлое настроение!"" - поделилась своими впечатлениями Дарья.<br /><br />Поздравляем Дарью! И очень гордимся!";"2025-08-02 09:59:00+05:00";published;;FALSE;;LenaLera;;;;
et0mlb2yp1;;"LPCREW на главном заплыве open water в России";;gallery;"https://static.tildacdn.com/tild6162-3265-4365-b035-313135313364/20250726_082915.jpg;https://static.tildacdn.com/tild3732-3136-4238-a163-643435363034/IMG_20250730_153911_.jpg;https://static.tildacdn.com/tild6337-3136-4532-a461-663936393437/IMG_20250730_153940_.jpg";"X-WATERS Volga 2025";"Прошедшие выходные собрали более 3000 пловцов в Нижнем Новгороде на главном заплыве open water X-WATERS Volga 2025.<br /><br />Река Ока, река Волга.<br /><br />X-Waters — это крупнейшая международная плавательная серия стартов, которая проводится в разных уголках России и мира. А начиналась она именно здесь на Волге в Нижнем Новгороде 9 лет назад.<br /><br />На открытии соревнований прошёл парад команд. Интересные выходы команд на сцену с кратким их представлением. LPCREW впервые приняли участие в параде. ""Яркое командное событие, придало задора на весь предстоящий спортивный плавательный день"", - прокомментировала тренер команды.<br /><br />Пловцы LPCREW плыли в составе шести человек:<br />1 км<br />Камиля Рахматулина - 16.52,3<br /><br />2 км<br />Камиля Рахматулина - 27.32,7<br />Татьяна Евсюкова - 33.56,9<br />Катарина Гапоненко - 34.16,7<br /><br />5 км<br />Ольга Биргер - 1.30.51,7<br />Лилия Рахматулина - 1.30.25,7<br />тренер команды Елена Парфёнова - DNF.<br /><br />По итогу стартов на Волге команда LPCREW вошла в топ-10 команд Клубного Чемпионата X-WATERS по среднему баллу, заняв 9 место.<br /><br />""Я переплыла Волгу! Это мой третий заплыв на открытой воде, но именно здесь я впервые смогла расслабиться и получить удовольствие от процесса. Плыла осознанно, без нервов и чувствовала абсолютное счастье и огромную благодарность. А еще я исполнила свою давнюю мечту — побывала в Нижнем Новгороде. Удивительно прекрасный город, в который я точно вернусь."", - поделилась участница команды Катарина.<br /><br />Поздравляем! И вперёд к новым увлекательным стартам!";"2025-07-30 15:49:00+05:00";published;;FALSE;;;;;;
byxb0gk071;;"Бронзовая УЛЬТРА";;gallery;"https://static.tildacdn.com/tild3063-6465-4230-b734-323833643632/-ONdP462wbsi6xYcfUXn.jpg;https://static.tildacdn.com/tild3765-3731-4336-b066-646335383266/10MFYT92SBKYB36hiM7f.jpg;https://static.tildacdn.com/tild3361-6337-4261-a238-323432636638/ToEjZ93YTy0.jpg;https://static.tildacdn.com/tild3733-3134-4139-a461-383933336236/20250719_155121.jpg";"30 км вплавь по крупнейшим рекам Западной Сибири";"Вот уже четвертый международный заплыв на открытой воде X-WATERS Ugra прошёл в Ханты-Мансийске 19 июля 2025 года.<br /><br />р. Иртыш, р. Обь, 30 км,<br />г. Ханты-Мансийск - д. Белогорье. <br /><br />Тренер команды LPCREW Елена Парфенова - сделала это! Финишировала третьей за 6 часов 13 минут.<br /><br />Погода была непредсказуемой, утреннее ясное небо и солнце над рекой Иртыш сменились тучами, сильным ветром и встречными волнами в р. Обь.<br /><br />Одним словом заплыв был очень не простым, погода была действительно северной и испытала всех на прочность.<br /><br />""К заплыву готовилась, никогда не сомневалась что доплыву и финиширую на дистанции. Но после 5 часов заплыва финиш все не виднелся на горизонте, а холод и дрожь в теле усиливались, хотелось завершить заплыв, все таки холод отнимает много сил. Жалко было сдаваться ведь за плечами большая часть дистанции. Любимая команда пришла на старт, проводить в дальний водный путь, знала, что все переживают и ждут мой финиш. Это давало дополнительные силы"", - поделилась Елена.<br /><br />Хочется отметить высокий уровень организации соревнований и обеспечение безопасности заплыва.";"2025-07-23 08:18:00+05:00";published;;FALSE;;;;;;
h8b5nk7fi1;;"Самый романтичный X-WATERS!";;gallery;"https://static.tildacdn.com/tild3163-3233-4535-a238-633161623839/20250614_131219.jpg;https://static.tildacdn.com/tild6334-6463-4136-a663-346562383431/20250614_143058.jpg;https://static.tildacdn.com/tild3563-6336-4661-b930-626136316264/IMG_20250614_202944_.jpg;https://static.tildacdn.com/tild3330-3664-4534-b862-396431616265/IMG_20250616_005445_.jpg";"Подмосковная Истра 14-15 июня 2025";"[{""ty"":""text"",""te"":""В Подмосковную Истру в минувшие выходные 14-15 июня более 1300 пловцов, влюбленных в открытую воду, приехали на 5-ый юбилейный заплыв X-WATERS MSK Istra.<br \/><br \/>Пловцы-любители команды LPCREW плыли в составе шести человек:<br \/><br \/>Камиля Рахматулина,<br \/>Ольга Биргер,<br \/>Лилия Рахматулина,<br \/>тренер команды Елена Парфёнова,<br \/>и наши два дебютанта:<br \/>Татьяна Евсюкова и Лера Парфенова.<br \/><br \/>Дистанции: 500м в ластах, 1км, 2км, 5км, эстафета 3х1км, x-kids 50, x-kids 200.<br \/><br \/>Один пьедестал: 1 место в возрастной группе Ж30 на дистанции 5 км - Елена Парфенова.<br \/><br \/>Истринское водохранилище - это честная вода без течений, старт проходил из воды.<br \/><br \/>\""Несмотря на все испытания, подготовленные погодой, погода в эти выходные была холодной и дождливой, все наши пловцы успешно финишировали на своих дистанциях\"", - прокомментировала тренер команды.""},{""ty"":""text"",""te"":""Поздравляем с успешными финишами и очень гордимся!""}]";"2025-06-19 19:47:00+05:00";published;;FALSE;;LenaLera;;;;
0ss9ub1fd1;;"80 лет Победы в Великой Отечественной войне";;image;https://static.tildacdn.com/tild3232-3336-4466-a265-343531643661/20250605_200552.jpg;"региональные заочные соревнования в бассейнах Ханты-Мансийского автономного округа-Югры.";"С 16 апреля по 9 мая в бассейнах Ханты-Мансийского автономного округа-Югры проходили Региональные заочные соревнования по плаванию «Югорский марафон - 80 лет Победы» посвященный 80-ой годовщине Победы в Великой Отечественной войне. Дистанция 2000 метров (восемдесят 25-ти метровых бассейнов).<br /><br />Организаторы несменные Федерация плавания и водного поло Югры.<br /><br />От команды LPcrew выступили 9 человек:<br />1 место - Наталья Долматова и тренер команды Елена Парфенов.<br />3 место - Ольга Биргер.<br /><br />В цветочную церемонию (4-8 места) вошли: Катарина Гапоненко, Лилия Рахматулина, Павел Пермяков, Дарья Румянцева, Александра Жетикова, Татьяна Евсюкова.";"2025-06-09 20:29:00+05:00";published;;FALSE;;LenaLera;;;;
vcinvpi2s1;;"Большой Московский триатлон";;gallery;"https://static.tildacdn.com/tild6532-3864-4366-b935-663566643263/IMG_20250602_155223_.jpg;https://static.tildacdn.com/tild3030-3638-4232-b836-356462626530/IMG_20250602_155224_.jpg";"Наталья Долматова в призах на Олимпийской дистанции";"В Москве в Крылатском 1 июня состоялся Большой Московский триатлон.<br /><br />Более тысячи спортсменов соревновались в трех дисциплинах: плавание, велогонка и бег.<br /><br />Долматова Наталья стала второй в своей возрастной группе, преодолев олимпийскую дистанцию триатлона  общей протяжённостью 51,5 километр (плавательный этап 1,5 км, велоэтап протяженностью в 40 км, беговой этап – 10 км) за 2 часа 39 минут,  уступив 10 минут МС, Чемпионке Кубка России по триатлону, победителю и призеру Российских и Международных соревнований по триатлону, чемпионке Кузбасса 2020года Сидорович Анне.<br /><br />Погода приготовила участникам сюрпризы в виде дождя и ураганного порывистого ветра на плавательном и велоэтапах, но участники достойно справились со всеми препятствиями.<br /><br />Поздравляем Наталью и очень гордимся!";"2025-06-02 18:21:00+05:00";published;;FALSE;;LPcrew;;;;
zej9pnjb41;;"X-WATERS Msk Krasnogorsk 2025";;image;;"Спринт на открытой воде";"Более 700 пловцов в первый день лета вышли на старт X-WATERS в городе Красногорск.<br /><br />Вода была тёплой 22 градуса, плылось комфортно. А вот погода преподносила сюрпризы буквально каждый час солнце менялось дождём.<br /><br />Тренер команды LPCREW Елена Парфенова выиграла на дистанции 500 метров.<br /><br />Медали порадовали - организаторы вернули легендарный дизайн с водичкой внутри медали.<br /><br />Следующий выездной старт командой. Увидимся через две недели на X-WATERS Msk Istra!";"2025-06-02 16:00:00+05:00";published;;FALSE;https://static.tildacdn.com/tild6539-3963-4035-a663-383938633731/VID_20250602_161530_.jpg;LenaLera;;;;
77anee4ht1;;"XII международный Югорский лыжный марафон";;gallery;"https://static.tildacdn.com/tild3966-3437-4265-b631-346663353963/InShot_20250408_1655.jpg;https://static.tildacdn.com/tild3963-6361-4238-b961-333237616364/5NcdObm-Q6Om1M1Ti_MK.jpg";"2025 ";"В минувшие выходные в Ханты-Мансийске прошел XII международный Югорский лыжный марафон.<br /><br />В этом году в столицу округа съехалось рекордное количество участников 3850 человек.<br /><br />Дистанции: 50, 25, 15 (новая дистанция, появилась в этом году), 5 км свободным и классическим стилем, ретро забег с раритетным инвентарем в стиле СССР. <br /><br />Погода преподнесла сюрприз и показала Северный характер, была ветреной и снежной.<br /><br />Пловцы команды LPCREW приняли участие на разных дистанциях: <br /><br />Наталья Долматова 50 км свободным стилем - 3 часа 22 минуты 11 секунд; <br /><br />Елена Конева 25 км свободным стилем - 1 час 49 минут 27 секунд; <br /><br />Инна Ряднова 5 км свободным стилем - 38 минут 34 секунды. <br /><br />""Дистанцию в 25 км на Югорском лыжном марафоне преодолеваю уже во второй раз. В этом году немного подвела погода, местами снег с ветром не давали даже открыть глаза, но в целом все получилось, удовольствие получила и результатом вполне довольна!"", - поделилась Елена Конева. <br /><br />Поздравляем с успешным преодолением дистанций! И очень гордимся вами!";"2025-04-08 18:27:00+05:00";published;;FALSE;;LenaLera;;;;
y98mge9hh1;;"Югорский марафон - Югорские мосты 2025";;image;https://static.tildacdn.com/tild6139-3030-4136-b164-343766343530/20250325_201221.jpg;"региональные заочные соревнования в бассейнах Ханты-Мансийского автономного округа-Югры";"В бассейнах Ханты-Мансийского автономного округа уже традиционно в течении учебного года проходят региональные заочные соревнования по плаванию ""Югорский марафон"".<br /><br />С 23 февраля по 8 марта 2025 года прошёл этапа ""Югорский марафон - Югорские мосты"". Дистанция 2100 метров.<br /><br />Организаторы Федерация плавания и водного поло Югры. Партнер соревнований Спортмастер.<br /><br />Команда LPcrew выступила в стопроцентном призовом составе:<br /><br />🥇 Три золота: Наталья Долматова, Камиля Рахматулина и тренер команды Елена Парфенова.<br />🥈 Серебро: Ольга Биргер.<br /><br />💐 цветочная церемония 4-8 места:
Катарина Гапоненко, Лилия Рахматулина, Павел Пермяков, Равиля Ялаева, Татьяна Евсюкова, Дарья Румянцева (дебют - впервые проплыла и успешно финишировала на дистанции 2 с небольшим км).<br /><br />Поздравляем победителей и призёров!<br />И очень гордимся вами!
";"2025-03-27 15:25:00+05:00";published;;FALSE;;LenaLera;;;;
fcn46g9fm1;;"В студии программы ""с 7 до 9"" на телеканале Югра";;image;https://static.tildacdn.com/tild3430-3763-4732-b165-393361643238/VideoCapture_2025031.jpg;"Тренер команды Елена Парфенова и серебряный призёр X-WATERS Thailand Камиля Рахматулина";;"2025-03-19 20:19:00+05:00";published;https://vkvideo.ru/video4666054_456240447;TRUE;;LenaLera;;;;
6ir8al4t21;;"X-WATERS world championship 2025 started. Thailand, Андаманское море";;gallery;"https://static.tildacdn.com/tild6639-6634-4261-b739-643961613131/IMG_20250223_194636_.jpg;https://static.tildacdn.com/tild3237-6330-4130-b664-373037636264/20250223_134218.jpg";"Экзотический заплыв на райском острове Пхукет";"Экзотический заплыв на райском острове Пхукет.<br /><br />X-WATERS world championship сезон 2025 года стартовал в Таиланде.<br /><br />23 февраля 320 участников из 18 стран соревновались на дистанциях 10 км, 5 км, 3 км, 1 км, 1 км в ластах, эстафета 2х1 км, и детские старты на 200 и 500 метров.<br /><br />Команда LPCREW в составе 4 человек покорила Андаманское море.<br /><br />Дистанция 3 км:<br />Елена Парфенова - 50 мин 45 сек, 1 место среди женщин в абсолютном зачете;<br />Камиля Рахматулина - 1 ч 6 мин 56 сек, 2 место в возрастной категории;<br />Лилия Рахматулина - 1 ч 14 мин 2 сек, 6 место в возрастной категории.<br /><br />Дистанция 1 км:<br />Катарина Гапоненко - 24 мин 24 сек, 8ая в возрастной категории.<br /><br />Было не просто справиться с волнами, погода была ветреная и море штормило. В телом море, вода 28 градусов, гидрокостюмы были запрещены, плыли в купальниках.<br /><br />""К соревнованиям целенаправленно готовились. И я как тренер считаю подготовка и сам заплыв прошли успешно"" - поделилась Елена Парфенова.";"2025-02-24 18:00:00+05:00";published;;FALSE;;LPcrew;;;;
3ocjkkz5a1;;"Плавание. Спартакиада трудящихся 2025";;gallery;"https://static.tildacdn.com/tild3734-3531-4638-a537-313362393739/20250202_101734.jpg;https://static.tildacdn.com/tild6339-3465-4030-a263-353136346635/20250202_101727.jpg";"в городе Трудовой Доблести <br />Ханты-Мансийске";"На прошедших выходных 2 февраля в бассейне СК ""Дружба"" прошел второй вид программы Спартакиады трудящихся 2025 города Ханты-Мансийска - плавание.<br /><br />В этом году Спартакиада посвящена присвоению нашему городу Ханты-Мансийску почетного звания Российской Федерации «Город трудовой доблести».<br />Организации города соревновались в эстафете 4х50 м вольным стилем. Состав команды: две женщины и двое мужчин.<br /><br />Пловцы команды LPCREW: Катарина Гапоненко, Валентина Жукова и тренер команды Елена Парфенова выступили за свои организации:<br />БУ ""Дирекция по эксплуатации служебных зданий"",<br />УМВД России по ХМАО-Югре,<br />Главное управление МСЧ России по ХМАО-Югре.";"2025-02-04 13:42:00+05:00";published;;FALSE;;;;;;
95fgomac11;;"Рождественский SwimBikeRun в Ханты-Мансийске";;gallery;"https://static.tildacdn.com/tild3730-6334-4333-a665-363137303230/20250107_111125.jpg;https://static.tildacdn.com/tild3566-6636-4966-a438-386631323733/20250107_110942.jpg;https://static.tildacdn.com/tild3234-3933-4761-a436-336334616466/20250107_132720.jpg";"Триатлон indoor от Федерации триатлона Югры";"Триатлон ""Рождественский"" от Федерации триатлона Югры в формате контрольной тренировки прошёл 7 января 2025 года в спортивном комплексе Югорского Государственного университета.<br /><br />Дисианция: 200 м плавание (басскйн 50 м) +6 км велоэтап (сайкл) +2 км бег (механическая дорожка)<br /><br />От команды LPcrew участвовало двое: Наталья Долматова и Елена Парфенова.<br /><br />Все этапы прошли в помещении бассейна, тренажёры для вело и бегового этапов были установлены на бортике. Участники стартовали потоками по 4 человека.<br /><br />Наталья финишировала со временем 29 мин 43 сек. Елена - 30 мин 43 сек. <br /><br />Поздравляем со спортивным началом года!";"2025-01-09 23:31:00+05:00";published;;FALSE;;LenaLera;;;;
m26aipy1t1;;"Новогодний водный корпоратив";;video;https://vk.com/video4666054_456240334;"Вперед в классный, плавательный 2025 год";"Плаваем и встречаем 2025 год! <br /><br />Ежегодный новогодний водный корпоратив в этом году совпал с награждением победителей и призёров Югорского Марафона на дисианции 3000 метров.<br /><br />Классный год получился! С невероятными открытиями к концу года, первой общекомандной наградой - Нефтяной Кубок, многими веселыми тренировками и интересными заплывами.";"2025-01-08 10:42:00+05:00";published;;TRUE;https://static.tildacdn.com/tild6237-6165-4431-b432-393939323537/20241226_200640.jpg;LenaLera;;;;
bn9n5bd2z1;;"Плавание - это в первую очередь классное настроение 🏊‍♂️🥳";;image;https://static.tildacdn.com/tild6261-3062-4433-b666-393537623830/IMG-761db04a6372d494.jpg;"Спартакиада города Ханты-Мансийска по плаванию среди ветеранов спорта, возраст 25+";"Спартакиада города Ханты-Мансийска по плаванию среди ветеранов спорта прошла 24.11.2024<br /><br />Новый плавательный сезон начали со спринта в бассейне.<br /><br />Наша команда LPcrew, тренирующаяся в бассейне АУ ""ЮграМегаСпорт"" выступила в составе 9 человек: <br /><br />Татьяна Евсюкова,<br />Ольга Биргер,<br />Валентина Жукова,<br />Лилия Глебова,<br />Камиля Рахматулина,<br />Елена Конева,<br />Лилия Рахматулина,<br />Катарина Гапоненко,<br />Дмитрий Пушкарев.<br /><br />Дистанция 50 м в/с.<br /><br />Татьяна, Валя и Катарина дебютировали на соревнованиях в спринте.<br /><br />Итого у нас: 4 золота, 2 серебра, 1 личный рекорд:<br /><br />Камиля Рахматулина 37,65 🚀.<br /><br />""Сегодня у меня первые соревнования. Первые в жизни! Если не считать "" Весёлые старты"" в школе у детей. Я без медалей, но с очень классным настроением и пониманием - буду делать это чаще! Уверена, с дружной командой и тренером Еленой Парфеновой всё получится!"" - поделилась Татьяна после соревнований.";"2024-11-25 19:38:00+05:00";published;;FALSE;;LenaLera;;;;
01djvu7js1;;"Математика сезона 2023/2024";;image;https://static.tildacdn.com/tild3238-3861-4433-a133-316630663238/20240726_191146.jpg;"... о прошедшем плавательном сезоне в цифрах";"Завершаем сезон 2023/2024 осенним заплывом в теплом атомном водохранилище XW Nuclear и южным триатлонным стартом в Сочи от IronStar.<br /><br />О прошедшем плавательном сезоне команды LPcrew в цифрах.<br /><br />Покорили новых водоемов 5:<br /><br />река Тура<br />озеро Боровое Казахстан<br />пролив Босфор<br />Десногорское водохранилище - пруд-охладитель Смоленской АЭС<br />Черное море<br /><br />Проплыли соревновательных 146,3 км – это как проехать на машине от г. Лангепас до г. Покачи и обратно.<br /><br />3 человека из команды впервые приняли участие в соревнованиях на открытой воде.<br /><br />И на 14 человек стало больше плавающих детей и взрослых людей.";"2024-10-07 19:20:00+05:00";published;;FALSE;;LenaLera;;;;
fbh2u833t1;;"X-WATERS Nuclear 28.09.2024";;gallery;"https://static.tildacdn.com/tild6434-6233-4663-a437-346563363266/IMG-c45ca5a2490a9cb9.jpg;https://static.tildacdn.com/tild3264-6365-4737-b130-333738336261/IMG-6a58e15f1b6a382c.jpg";"Камиля Рахматулина на осеннем, теплом, ядерном заплыве, г. Десногорск";"В субботу 28 сентября в Смоленской области, город Десногорск прошел осенний, тёплый, ядерный заплыв на открытой воде международного чемпионата X-WATERS.<br /><br />Десногорское водохранилище - это пруд-охладитель Смоленской АЭС. Те участки, где сбрасываются теплые воды с электростанции, не замерзают даже зимой. С этим и связана уникальная особенность искусственного озера. Вода в водохранилище чистая, без малейших признаков радиации. Здесь разрешено купание и ловля рыбы. <br /><br />Команду LPcrew представила Камиля Рахматулина. <br /><br />Камиля проплыла две дистанции 1 миля и 3 км. <br /><br />Результаты: 1 миля 30.34,1 / 3 км 1.14.56,2 <br /><br />""Трассу поменяли, первый км боковое течение и боковая волна приличная, потом участок против течения, потом на финише сносит течением в другую сторону. Но вот такие дистанции и интересны, когда не просто надо плыть прямо по буям, а самому траекторию строить , делать поправки на течение и ветер"",- поделилась Камиля после заплывов. <br /><br />Поздравляем! И очень гордимся!";"2024-09-29 11:24:00+05:00";published;;FALSE;;LenaLera;;;;
vgz4gvhme1;;"Таёжный трейл";;image;https://static.tildacdn.com/tild3666-6664-4534-b163-386262656339/IMG-ad3143939d7b9979.jpg;"Елена Конева пробежала 7 км в забеге по пересеченой местности ""Дух Тайги""";"15 сентября в осенние выходные в деревне Шапша прошёл забег по пересеченной местности ""Дух Тайги"".<br /><br />На выбор участникам было три дистанции:<br />‒ детский забег на 1 000 метров;<br />‒ 7 километров;<br />‒ 21 километр (3 круга по 7 километров).<br /><br />Елена Конева пробежала трейл 7 км за 43 мин. 9 сек., и стала 8-ой, примечательно что стартовый номер Елены был 88, такая вот магия чисел.<br /><br />""На таком забеге впервые, и это оказалось интересно, трасса разная, камни, грунт, деревянный настил, трава, тут не только про выносливость, но ещё надо внимательно смотреть под ноги,"" - поделилась Лена впечатлениями после забега. <br /><br />Поздравляем Елену! И очень гордимся!";"2024-09-16 17:41:00+05:00";published;;FALSE;;LenaLera;;;;
my47ul0671;;"IRONSTAR МОСКВА 226";;image;https://static.tildacdn.com/tild3836-3936-4964-b234-326665323863/IMG-69a0095027d29132.jpg;"Наталья Долматова в призах на масштабном спортивном фестивале «ЛИГА ТРИАТЛОНА &amp; IRONSTAR МОСКВА 226». ";"24 и 25 августа в Москве прошёл масштабный спортивный фестиваль «ЛИГА ТРИАТЛОНА &amp; IRONSTAR МОСКВА 226». <br /><br />Любителей спорта ожидали соревнования на длинной дистанции (226 км), средней дистанции (113 км), а так же забеги и детские старты.<br /><br />Наталья Долматова в составе эстафетной команды ""ФНС / RCA / Leo City Bikes"" выступила в плавательном этапе на дистанции ""Половинка"" - 1.9 км 🏊‍♀️90 км 🚴‍♂️и 21 км 🏃‍♀️.<br /><br />Команда ""ФНС / RCA / Leo City Bikes"" в категории смешанных эстафетных команд завоевали бронзовые медали чемпионата IRONSTAR. <br /><br />Поздравляем Наталью и очень гордимся!";"2024-08-27 01:49:00+05:00";published;;FALSE;;LenaLera;;;;
arumxn9mv1;;"Тобольский марафон 2024";;image;https://static.tildacdn.com/tild6637-3232-4363-a462-363666616434/IMG-2296cff5c99dbb71.jpg;"Елена Конева пробежала 10 км <br />25 августа 2024 года";"Тобольский марафон — одно из самых крупных событий в мире бега в России. В 2024 году он прошёл в Тобольске во второй раз и собрал более 3000 участников со всех уголков страны.<br /><br />Елена Конева выбрала дистанцию 10 км и пробежала её с красивым результатом 1 час 00 мин 00 сек. <br /><br />""Мне очень понравилось, на всей дистанции болельщики подбадривали, однозначно в следующем году еду снова, может уже на 21,1 км"", - поделилась впечатлениями Елена.<br /><br />Тобольский марафон 2024 посвящён 190-летию со дня рождения великого учёного - энциклопедиста и мыслителя Д.И. Менделеева.<br /><br />Поздравляем Лену и очень гордимся!";"2024-08-27 01:22:00+05:00";published;;FALSE;;LenaLera;;;;
y3n0nhdg11;;"Запускаем Чемпионат LPcrew";;gallery;"https://static.tildacdn.com/tild3436-3530-4639-a236-343738346133/IMG-a2debf718010844d.jpg;https://static.tildacdn.com/tild6464-3966-4435-b064-666632316564/20240816_195223.jpg";"Игра ""Камень - ножницы - бумага""";"[{""ty"":""text"",""te"":""Победа Александры Жетиковой в городской игре \""Камень-ножницы-бумага\"" вдохновила сделать такую игру в нашей команде.<br \/><br \/>🏆 Кубок чемпиона- переходящий.<br \/><br \/>На наших не спортивных встречах будем играть в игру \""камень ножницы бумага\"" - игра быстрая и веселая.<br \/><br \/>В первой игре Кубок выиграла Лилия Глебова 🤩 <br \/>На следующую тусовку победитель берет кубок с собой и разыгрываем снова. И так далее до конца тренировочного сезона 2024\/2025.""},{""ty"":""text"",""te"":""К началу плавания на открытой воде в 2025 году посчитаем кто дольше всех владел кубком в течении тренировочного сезона, так определим абсолютного победителя.\n""}]";"2024-08-17 12:13:00+05:00";published;;FALSE;;LenaLera;;;;
m9lgffhzk1;;"ФИНАЛ игры ""Камень-ножницы-бумага""";;video;https://youtu.be/Y1_izJniVaA?si=Rih3QtZBIrPviml8;"Александра Жетикова одержала победу";"10 августа в честь празднования Дня Физкультурника на территории СК «Дружба» для жителей города и гостей окружной столицы прошёл фестиваль спорта «На волне здоровья».<br /><br />Команда пловцов LPcrew приехали на фестиваль для сдачи нормативов Всероссийского физкультурно-спортивного комплекса ""ГТО"".<br /><br />После чего, на одной из площадок сразились в захватывающей битве в игре ""Камень-ножницы-бумага"".<br /><br />Играли по Олимпийской системе на выбывание. Борьба была непредсказуемой. В финал вышла наша Саша. По итогам финала Александра Жетикова - лучшая в игре ""Камень-ножницы-бумага"".<br /><br />Получили море положительных эмоций, и адреналина.<br /><br />За победу вручили сертификат на 8 пицц.";"2024-08-11 20:59:00+05:00";published;;TRUE;;LenaLera;;;;
l8ztnupmz1;;"День Физкультурника 2024";;image;https://static.tildacdn.com/tild6265-3833-4233-b761-303730613763/20240811_204116.jpg;"Продолжаем сдавать нормативы Всероссийского физкультурно-спортивного комплекса ""ГТО""";"Пловцы плавательного клуба LPcrew продолжают сдачу нормативов ВФСК ГТО.<br /><br />10 августа в честь празднования Дня Физкультурника на территории СК «Дружба» для жителей города и гостей окружной столицы прошёл фестиваль спорта «На волне здоровья».<br /><br />На одной из площадок принимали нормативы ГТО - зальные дисциплины:
отжимания, пресс, прыжок в длинну, наклон вперёд.<br /><br />Дисциплины сдали: Александра Жетикова, Виктория Раевская, Ольга Биргер с сыном Гавриилом и тренер команды Елена Парфенова с дочкой Валерией.<br /><br />К слову Александра, Елена и Лера завершили сдачу всех нормативов, и ждут присвоения золотых знаков комплекса ГТО.";"2024-08-11 20:38:00+05:00";published;;FALSE;;LenaLera;;;;
4il5k6kry1;;"Спартакиада МЧС среди Главных управлений УрФО";;gallery;"https://static.tildacdn.com/tild6132-6237-4432-b564-623534613861/20240806_134950.jpg;https://static.tildacdn.com/tild3833-6662-4132-b033-623363613864/20240806_120926.jpg;https://static.tildacdn.com/tild3362-6636-4733-b130-656464346162/IMG-bf838950e4f2f036.jpg";"Пловцы команды LPcrew лучшие на трибунах";"[{""ty"":""text"",""te"":""6 августа 2024 года Ханты-Мансийск принял Спартакиаду МЧС среди Главных управлений Уральского федерального округа.""},{""ty"":""text"",""te"":""Тренер команды LPcrew Елена Парфенова, она же прапорщик внутренней службы, проходит службу в подразделении службы пожаротушения Главного управления МЧС по ХМАО-Югре.<br \/><br \/>На трибунах было весело и шумно, а все потому, что пловцы команды #LPcrew пришли поддержать и поболеть за своего тренера. <br \/><br \/>В соревнованиях по плаванию приняли участие команды Свердловской, Челябинской, Тюменской, Курганской областей, ХМАО-Югры и ЯНАО.""}]";"2024-08-06 18:02:00+05:00";published;;FALSE;;LPcrew;;;;
u4ks4u2041;;"X-WATERS Kazakhstan 04.08.2024";;gallery;"https://static.tildacdn.com/tild3038-6438-4832-b666-616330663639/IMG_20240805_163645_.jpg;https://static.tildacdn.com/tild6439-3463-4635-a533-313431396136/IMG-058778422f3ca794.jpg";"Камиля Рахматулина на первом заплыве международного чемпионата X-WATERS в Казахстане";"В выходные в Казахстане состоялся первый заплыв международного чемпионата X-WATERS. Озере Боровое у горы Кокшетау п. Бурабай.<br /><br />Озеро Боровое - одно из красивейших мест Казахстана, курорт популярный среди жителей столицы. Его называют «жемчужиной Казахстана» и «казахстанской Швейцарией».<br /><br />Команду LPcrew представила Камиля Рахматулина. <br /><br />Камиля заняла 2 место в своей возрастной группе🥈 на дистанции 4 км, и стала 8ой в абсолютном зачёте среди женщин. <br />Результат 1 час 24 минуты <br /><br />Поздравляем, Камилю! Гордимся!";"2024-08-05 16:56:00+05:00";published;;FALSE;;LenaLera;;;;
iieckrk6x1;;"Победа в триатлоне ""GROM Tri""";;gallery;"https://static.tildacdn.com/tild3830-3639-4233-b735-313538626137/IMG-a25da3d72a94dd78.jpg;https://static.tildacdn.com/tild3034-3336-4465-b663-336433373531/IMG-b09d9af589c3571a.jpg;https://static.tildacdn.com/tild3836-3861-4965-b033-346263343133/IMG-ea00a2d7e45d6c43.jpg;https://static.tildacdn.com/tild3531-3633-4361-b662-343863356233/IMG-29680064d485f418.jpg;https://static.tildacdn.com/tild3736-3933-4233-b133-666264306536/IMG-4efef8b61ec9d871.jpg";"4 августа 2024 г. Москва
Наталья Долматова лучшая в спринте";"В выходные в Москве в Крылатском прошёл 3 этапа кубка ""Московский гром"".<br /><br />Наталья Долматова, успешно преодолевшая в июле 25 км по р. Иртыш и р. Обь, стала лучшей на дистанции спринт в триатлоне.<br /><br />Дисианция спринт: 750 м🏊‍♀️ 20 км 🚴‍♂️ 5 км 🏃‍♀️<br /><br />Наталья заняла 1 место в своей возрастной группе 🥇, и стала 8ой в абсолютном зачёте гонки.<br />Результат 1 час 24 минуты <br /><br />Поздравляем, Наталью! Гордимся!";"2024-08-05 16:17:00+05:00";published;;FALSE;;LenaLera;;;;
zvhgsfzci1;;"X-WATERS Ugra 2024 - пройди испытание Севером";;gallery;"https://static.tildacdn.com/tild3134-3639-4332-a434-613066626561/20240720_171119.jpg;https://static.tildacdn.com/tild6435-6366-4235-a337-656533313765/IMG_20240723_001321_.jpg;https://static.tildacdn.com/tild3638-6462-4231-b562-626166623565/20240724_121641.jpg;https://static.tildacdn.com/tild3861-3331-4238-a664-393364633362/20240724_121108.jpg;https://static.tildacdn.com/tild6233-6230-4935-b132-333563323962/IMG-fea8c441f560809f.jpg;https://static.tildacdn.com/tild6436-6534-4463-b962-613263663965/IMG-634dc09bee349c1e.jpg;https://static.tildacdn.com/tild3130-3532-4366-b936-383330396330/20240724_121653.jpg";"Первая командная награда - Нефтяной Кубок";"По уже сложившейся традиции в выходные июля совместно с городским мероприятием ""ПикникХМ"" в Ханты-Мансийске прошёл международный заплыв на открытой воде X-WATERS Ugra 2024. В этом году погода сделала подарок жителям и гостям города и заплыва.<br /><br />Помимо личного зачёта, проходил клубный зачёт, по результатам 2 соревновательных дней команда LP crew завоевала бронзовый кубок в клубном зачёте - Кубок с НЕФТЬЮ Земли Югорской. <br /><br />Этот Кубок стал первой и очень радостной и значимой нашей победой! <br /><br />Суммарно на X-Waters Ugra 2024 пловцы команды LP crew проплыли 87 км: <br /><br />25 км: <br />Наталья Долматова 4 ч 00 мин 51 сек 🥉 <br /><br />10 км:<br />Камиля Рахматулина 1 ч 54 мин 17 сек 🥇 <br />Ольга Биргер 1 ч 57 мин 20 сек 🥉 <br />Лилия Рахматулина 1 ч 58 мин 54 сек <br />Валентина Жукова 2 ч 11 мин 50 сек <br />Лилия Глебова DNF <br />Дмитрий Пушкарев 1 ч 55 мин 05 сек <br /><br />2 км:<br />Елена Парфенова 20 мин 4 сек 🥈 <br />Елена Конева 27 мин 5 сек <br />Виктория Раевская 27 мин 8 сек <br />Александра Жетикова 28 мин 30 сек <br />Елена Колесникова 33 мин 50 сек <br />Ольга Таланцева 28 мин 57 сек";"2024-07-24 11:45:00+05:00";published;;FALSE;;LenaLera;;;;
5dzbkfejv1;;"VII международный заплыв на открытой воде X-Waters Ural";;image;https://static.tildacdn.com/tild6231-3864-4461-b362-353537393937/20240714_085229.jpg;"Второй соревновательный день, финишировали на дистанции 5 км";"14.07.2024 г.- второй соревновательный день.<br /><br />Елена Парфенова, Камиля Рахматулина, Ольга Биргер, Лилия Рахматулина переплыли озеро Тургояк с Запада на Восток, ширина озера 5 км.<br /><br />МЧС давало прогноз на штормовое предупреждение на 14 июля, утром была волна. Однако, заплыв состоялся.<br /><br />Елена Парфенова- 1.41.05-🥈в возрастной группе<br /><br />Ольга Биргер- 2.09.54 - 15 в возрастной группе <br /><br />Камиля Рахматулина - 2.09.58 -16 в возрастной группе <br /><br />Лилия Рахматулина -2.18.17 - 38 в возрастной группе <br /><br />На старт дистанции 5 км вышло 390 человек, 387 финишировали, трое - сошли с дистанции.<br /><br />Суммарно на X-Waters Ural 2024 команда LP crew проплыли 29,5 км.<br /><br />";"2024-07-14 21:41:00+05:00";published;;FALSE;;LPcrew;;;;
gssyi4x5j1;;"VII международный заплыв на открытой воде X-Waters Ural";;image;https://static.tildacdn.com/tild3638-3265-4437-b030-396532353332/20240713_124425.jpg;"Успешно финишировали на дисианции 1 км
";"X-WATERS Ural 2024<br /><br />VII международный заплыв на открытой воде.<br /><br />Более 2000 человек участников из 5 стран мира и многих городов России.<br /><br />13.07.2024 восемь пловцов-любителей команды LP crew проплыли дистанцию 1 км на озере Тургояк:<br /><br />Ольга Биргер<br />Катарина Гапоненко <br />Камиля Рахматулина <br />Лилия Рахматулина <br />Елена Конева <br />Елена Парфёнова <br />Марсель Бакиев <br />Павел Пермяков<br /><br />Завоевали два бронзовых места:<br />Елена Парфенова в абсолютном зачёте<br />Камиля Рахматулина в возрастной группе. <br /><br />Тренер Елена Парфенова: ""Для команды это второй выезд на соревнования, есть два дебютанта: Катарина Гапоненко и Павел Пермяков присоединились к нам в этом плавательном году, подготовились и успешно проплыли на своем первом старте на открытой воде. Эмоции только положительные, хочется возвращаться сюда снова и снова.""<br /><br />Завтра 14 июля 2024 года 4 человека команды готовятся стартовать на дистанции 5 км - переплыть озеро Тургояк от берега до противоположного берега.";"2024-07-13 23:37:00+05:00";published;;FALSE;;LenaLera;"X-WATERS, xwaters, тургояк, xwaters ural, открытаявода";;;
jgcixz8dd1;;"В студии ""ВЕСТИ-Югория"" на канале Россия 1";;image;https://static.tildacdn.com/tild3234-6235-4366-a439-626439363131/IMG-b375760a6fa494ae.jpg;"Тренер команды Елена Парфенова и участница дистанции на 25 км Наталья Долматова";"Близятся заплывы X-Waters в Югре. Уже третий год подряд Ханты-Мансийск принимает Международную серию стартов на открытой воде X-WATERS.<br /><br />Дистанции в этом году представленны: 25 км, 10 и 2 км. Наша команда ""LP crew"" выступит на всех дистанциях, в составе 15 человек.<br /><br />Организаторы, используя опыт прошлых лет, изменили дистанции: не будет 54 и 6 км. А самую длинную дистанцию в 25 км можно будет проплыть только соло. Маршрут будет проложен от моста Красный Дракон, через слияние сибирских рек Иртыш и Обь. Финиш будет в деревне Белогорье. Маршрут дистанций 2 и 10 км будет проложен как и в прошлые 2 года. Финиш на городской набережной, где будет проходить городской пикник - ""Пикник ХМ"".<br /><br />Тренер команды Елена Парфенова и участница дистанции на 25 км Наталья Долматова поговорили об этом в студии ""ВЕСТИ-Югория"" на канале Россия 1 с шеф-редактором Антоном Артемьевым.";"2024-07-12 23:35:00+05:00";published;;FALSE;;LPcrew;"X-WATERS, xwaters, еленапарфенова, натальядолмаиова, антонартемьев, вестиюгория, заплыв, открытаявода";;;
9903m8nh71;;"Большой Московский триатлон 2024";;gallery;"https://static.tildacdn.com/tild3735-6561-4831-b563-383430336630/InShot_20240624_1359.jpg;https://static.tildacdn.com/tild3438-3763-4162-b736-373133363439/IMG-868be22676707aad.jpg";"Наши в призах на Большом Московском триатлоне";"В прошедшие выходные в Москве в Крылатском прошёл Большой Московский триатлон, организаторы команда Grom.<br /><br />Дисианции гонок личные и эстафеты: ""Половинка"" - 1.9 км 🏊‍♀️90 км 🚴‍♂️и 21 км 🏃‍♀️ ""Олимпийка"" - 1.5 км🏊‍♀️ 39 км 🚴‍♂️и 10 км 🏃‍♀️<br /><br /><br />Наталья Долматова в составе сборной команды ФНС России ""ТАКС энд БРИКС"" проплыла 1,5 км в эстафетной гонке.<br />""ТАКС энд БРИКС"" стали третьими среди смешанных команд на Олимпийской дистанции.<br /><br />Состав команды 'ТАКС энд БРИКС': Плавание - Наталья Долматова , Ханты-Мансийск, Велосипед - Жилдэйр Соуза , бразильский легионер, Бег - Семен Грызлов, ФКУ.<br /><br />Поздравляем Наталью и очень гордимся!";"2024-06-24 13:47:00+05:00";published;;FALSE;;LenaLera;;;;
z9mb65ebf1;;"Финал Югорского Марафона 2023/2024";;image;https://static.tildacdn.com/tild3235-3666-4562-b631-623538633661/20240620_195117.jpg;"2100 м + 5 км 🏊‍♂️";"В бассейнах Ханты-Мансийского автономного округа уже традиционно в течении учебного года проходят региональные заочные соревнования по плаванию ""Югорский марафон"". Дистанции от 1 морской мили (1850 м) до 5000 метров. Организаторы Федерация плавания и водного поло Югры. Партнер соревнований компания MAD WAVE.<br /><br />Финальный этап «Югорский марафон - Югорские мосты» 2024 года: с 23 февраля по 8 марта плыли дистанцию 2100 метров, с 25 мая по 9 июня – дистанция 5000 метров.<br /><br />От команды LPcrew на дистанции 5 км выступили 6 человек:<br /><br />1 место – Глебова Лилия, Наталья Долматова, Павел Пермяков и тренер команды Елена Парфенова.<br /><br />3 место - Ольга Биргер.<br /><br />4 место - Лилия Рахматулина.<br /><br /><strong>Итоги общего зачета:</strong><br /><br /><strong>1 место</strong> –<strong> </strong>Глебова Лилия, Наталья Долматова, Павел Пермяков, Елена Парфенова.<br /><br /><strong>2 место </strong>– Лилия Рахматулина.<br /><br /><strong>3 место </strong>–<strong> </strong>Ольга Биргер.";"2024-06-22 21:03:00+05:00";published;;FALSE;;LenaLera;;;;
nh3cdvg2a1;;"Всероссийский физкультурно-спортивный комплекс ""Готов к труду и обороне""";;image;https://static.tildacdn.com/tild3761-6537-4236-a532-366264626536/20240609_122638.jpg;"Пловцы плавательного клуба LPcrew продолжают сдачу нормативов ВФСК ГТО";"Пловцы плавательного клуба LPcrew продолжают сдачу нормативов ВФСК ГТО. <br /><br />В июне время бега, сдали бег на 30 метров, 60 метров, 1 км, 2 км, 3 км на золото и серебро.";"2024-06-10 12:51:00+05:00";published;;FALSE;;;;;;
s12g8hhjr1;;"Открытая вода 2024 started";;image;https://static.tildacdn.com/tild3036-3636-4436-b833-386637356163/20240609_160058.jpg;"Ханты-Мансийск, 9 июня<br />открыли сезон плавания на открытой воде";"Лето в этом году запоздало пришло в Ханты-Мансийск.<br /><br />9 июня 2024 открыли сезон плавания на открытой воде.<br /><br />Проплыли немного, 500 м, по ощущениям вода не теплее 16-17 градусов.";"2024-06-10 10:31:00+05:00";published;;FALSE;;;;;;
zxx2hkpc41;;"79-ая годовщина Победы в Великой Отечественной войне";;image;https://static.tildacdn.com/tild6666-3661-4932-a464-626632306539/1000034786.jpg;"Заплыв посвященный 79 годовщине Победы";"<span style=""font-size:16px"">С 16 апреля по 9 мая в бассейнах Ханты-Мансийского автономного округа-Югры проходили Региональные заочные соревнования по плаванию «Югорский марафон - 79 лет Победы» посвященный 79-ой годовщине Победы в Великой Отечественной войне.</span>
<span style=""font-size:16px"">Дистанция 1975 метров (семьдесят девять 25-ти метровых бассейнов).</span><br /><br /><span style=""font-size:16px"">Организаторы несменные Федерация плавания и водного поло Югры. Партнер соревнований MAD WAVE.</span><br /><br /><span style=""font-size:16px"">От команды LPcrew выступили 9 человек:</span><br /><br /><span style=""font-size:16px"">1 место - Наталья Долматова и тренер команды Елена Парфенов.</span><br /><span style=""font-size:16px"">3 место - Ольга Биргер.</span><br /><br />
<span style=""font-size:16px"">В цветочную церемонию (4-8 места) вошли:</span>
<span style=""font-size:16px"">Лилия Рахматулина, Виктория Раевская, Лилия Глебова, Елена Конева, Валентина Жукова и Алёна Сандрина </span>";"2024-05-29 19:02:00+05:00";published;;FALSE;;LenaLera;;;;
63n5uvi3v1;;"Всероссийский физкультурно-спортивный комплекс ""Готов к труду и обороне"".";;image;https://static.tildacdn.com/tild3739-3265-4835-b062-643432393261/20240323_101723.jpg;"Пловцы плавательного клуба LPcrew приступили к сдаче нормативов ВФСК ГТО";"<span style=""font-size:16px"">Пловцы плавательного клуба LPcrew приступили к сдаче нормативов ВФСК ГТО.</span>
<span style=""font-size:16px"">Начали с норматива по плаванию, все сдали на золото 🥇:</span><br /><br /><span style=""font-size:16px"">Виктория Раевская 0.49</span><br /><span style=""font-size:16px"">Александра Жетикова 1.05</span><br /><span style=""font-size:16px"">Ольга Биргер 0.40</span><br /><span style=""font-size:16px"">Гавриил Биргер 0.29</span><br /><span style=""font-size:16px"">Елена Парфенова 0.32</span><br /><span style=""font-size:16px"">Лера Парфенова 25 метров</span><br /><span style=""font-size:16px"">Борис Пейчев 0.43</span><br /><span style=""font-size:16px"">Павел Пермяков 0.39</span><br /><br /><br />";"2024-03-25 20:18:00+05:00";published;;FALSE;;LenaLera;"ГТО вфск гто";;;
ate5f5vap1;;"Югорский марафон - Югорские мосты 2024";;image;https://static.tildacdn.com/tild3830-3330-4164-b237-333463333037/20240322_082442.jpg;"региональные заочные соревнования в бассейнах Ханты-Мансийского автономного округа-Югры";"В бассейнах Ханты-Мансийского автономного округа уже традиционно в течении учебного года проходят региональные заочные соревнования по плаванию ""Югорский марафон - Югорские мосты"". Дистанции 2100 и 5000 метров. Организаторы Федерация плавания и водного поло Югры. Партнер соревнований MAD WAVE.<br /><br />С 23 февраля по 8 марта участники преодолели 2100 м в бассейнах округа.<br /><br />Команда LPcrew выступила в небольшом, но стопроцентном призовом составе, соревнования завершились ко Дню Рождения самой юной участницы нашей команды Алены Сандриной 🎂<br /><br />1 место - Наталья Долматова.<br /><br />1 место - тренер команды Елена Парфенова.<br /><br />2 место - Лилия Глебова.<br /><br />3 место - Лилия Рахматулина.<br /><br />В цветочную церемонию (4-8 места) вошли:<br /><br />Алена Сандрина, Катарина Гапоненко, Елена Конева, Ольга Биргер, Павел Пермяков, Марсель Бакиев, Юрий Коновалов.<br /><br />2100 м. ✅, готовимся к 5000 м. 🏊‍♂️";"2024-03-25 19:13:00+05:00";published;;FALSE;;LenaLera;;;;
gf4rx18la1;;"Подводный водный корпоратив";;video;https://youtu.be/o-KKXhfFcSc?si=VK8uuP4aT70EN6Tc;"встречаем 2024 год";"Плаваем и встречаем 2024 год! Классный год получился! С яркими победами и невероятными дистанциями, первым командным выездом на соревнования, многими веселыми тренировками и новыми начинаниями.";"2023-12-24 11:00:00+05:00";published;;TRUE;https://static.tildacdn.com/tild3865-3063-4232-b065-346466303839/_2024__.jpg;LenaLera;;;;
hficbb58s1;;"Математика сезона 2022/2023";;image;https://static.tildacdn.com/tild3164-6134-4638-b938-306632353734/20230715_175604.jpg;"... о прошедшем плавательном сезоне в цифрах";"В преддверии startа нового плавательного сезона 2023/2024<br />о прошедшем плавательном сезоне в цифрах.<br /><br />Покорили новых водоемов 6:<br /><br />озеро Тургояк<br />река Обь<br />Баренцево море<br />озеро Хепоярви Ленинградская область<br />река Большая Невка<br />река Средняя Невка<br /><br />Проплыли соревновательных 101,9 км и это без 7 километров длина МКАДа.<br /><br />4 человека из команды впервые приняли участие в соревнованиях на открытой воде.<br /><br />И на 19 человек стало больше плавающих детей и взрослых людей.";"2023-08-22 07:00:00+05:00";published;;FALSE;;;;;;
bk2kg1he41;;"Спортивные выходные в Санкт-Петербурге";;gallery;"https://static.tildacdn.com/tild3835-6236-4237-b239-663933666531/20230813_115536.jpg;https://static.tildacdn.com/tild6262-3839-4531-b861-656135616366/IMG_20230811_163526_.jpg;https://static.tildacdn.com/tild6463-3039-4562-a439-623633383066/IMG_20230811_163526_.jpg;https://static.tildacdn.com/tild3066-3865-4533-b030-666166343965/IMG-b86a23bab477f5cd.jpg;https://static.tildacdn.com/tild3634-3236-4338-b035-646636363638/IMG_20230813_145555_.jpg";"Заплыв вокруг Елагина острова международной серии стартов на открытой воде X-WATERS";"Заплыв вокруг Елагина острова международной серии стартов на открытой воде X-WATERS.<br /><br />Размявшись одним километром на ночном заплыве Buni Night Swim, команда в том же составе отправилась на один из крупнейших стартов международной серии заплывов на открытой воде X-Waters St.Petersburg.<br /><br />Елагин остров — остров в дельте Невы, это живописное зеленое место посреди оживленного мегаполиса.<br /><br />Роман Петров выбрал дистанцию 2100 м, она проходила на скоростном участке трассы вокруг острова по р. Средняя Невка.<br /><br />Камиля Рахматулина и Елена Парфенова проплыли вокруг острова, дистанция 5 км, и заняли 3 и 2 места в своих возрастных категориях соответственно. Часть дистанции прошла против течения по р. Большая Невка.<br /><br />На этом старте в Северной столице соревновательный плавательный сезон 2022/2023 завершили. До встречи в сезоне 2023/2024.";"2023-08-16 11:49:00+05:00";published;;FALSE;;;;;;
m5mrn99u21;;"Ночной заплыв Buni Night Swim 2023";;gallery;"https://static.tildacdn.com/tild6461-3933-4838-a331-383132656666/IMG_20230813_145259_.jpg;https://static.tildacdn.com/tild3336-6564-4732-b862-663330333637/IMG_20230813_145309_.jpg";"Первыми отметили День физкультурника";"Пловцы команды LPcrew первыми спортивно отпраздновали День физкультурника.<br /><br />11 августа в 22-00 стартовал ночной заплыв на оз. Хепоярви в Токсово, Ленинградская область.<br /><br />Полная темнота, теплый вечер и теплая спокойная вода в озере, подсвеченные прожекторами поворотные буи на дистанциях. Каждому плывущему организаторы выдали небольшие фонарики чтобы подсветить индивидуальные буи. Условия участия - с собой свой буй с карманом и прозрачные очки.<br /><br />Дисианция 1 км:<br /><br />Камиля Рахматулина 20.25 - ж40 4<br /><br />Роман Петров 20.42 - м40 10<br /><br />Тренер Елена Парфенова 15.39 - абс. 2<br /><br />Впечатления остались только положительные, все участники команды отметили комфортную температуру воды и романтичный колорит ночного заплыва.<br /><br /><br />";"2023-08-15 13:46:00+05:00";published;;FALSE;;;;;;
5eg1nioje1;;"Тренер покорила Арктику!";;gallery;"https://static.tildacdn.com/tild3863-3039-4334-b937-626537353231/_7.jpg;https://static.tildacdn.com/tild6539-3561-4131-a231-613561336164/_19.jpg;https://static.tildacdn.com/tild6437-3132-4538-b830-326436653030/_23.jpg;https://static.tildacdn.com/tild3162-6633-4433-b838-666238353962/_4.jpg";"6 августа 2023 года, с. Териберка, Мурманская область, Кольский полуостров";"[{""ty"":""text"",""te"":""Тренер команды Елена Парфенова покорила Арктику!""},{""ty"":""text"",""te"":""6 августа 2023 года, с. Териберка, Мурманская область, Кольский полуостров.""},{""ty"":""text"",""te"":""Один из заплывов Ледяной Лиги X-Waters прошел в селе Териберка известном по фильму Левиафан. Невероятной красоты виды, северная природа, морошка, черника, киты и ледяная вода Баренцева моря. Наш тренер справилась с холодом и суровыми условиями Арктики и финишировала второй на дистанции 1 км.<br \/><br \/>Температура воды 8,7 градусов.<br \/><br \/>\""На тестовом заплыве казалось холод сковывает движения, 300 метров дались не просто, а в день соревнований холод будто не чувствовался, то ли на адреналине, то ли на скорости, просто хорошо плылось\"", - поделилась Елена.<br \/><br \/>До завершения этого плавательного сезона у команды впереди еще 2 заплыва в Санкт-Петербурге.""}]";"2023-08-06 18:13:00+05:00";published;;FALSE;;;;;;
r94kp51f21;;"54 км вплавь по крупнейшим рекам Западной Сибири";;gallery;"https://static.tildacdn.com/tild6634-6161-4961-a338-656261616230/1.jpg;https://static.tildacdn.com/tild3165-3265-4130-b333-623363376237/1000002300.jpg;https://static.tildacdn.com/tild3261-3036-4865-b265-626164326661/2.jpg;https://static.tildacdn.com/tild3164-6162-4434-b461-343534643935/3.jpg;https://static.tildacdn.com/tild3930-3530-4166-b562-343432313231/7.jpg;https://static.tildacdn.com/tild3739-3363-4536-b338-663434663563/5.jpg;https://static.tildacdn.com/tild6638-6637-4539-b665-373738653234/4.jpg;https://static.tildacdn.com/tild3036-6536-4634-b538-353361656361/6.jpg;https://static.tildacdn.com/tild3436-3965-4262-b836-623137323733/1000001729.jpg";"«ДА, невозможное – возможно!»<br />р. Иртыш, р. Обь, 54 км, X-WATERS Ugra<br />	";"«ДА, невозможное – возможно!»<br /><br />Ханты-Мансийск, 14 июля 2023<br /><br />р. Иртыш, р. Обь, 54 км, X-WATERS Ugra<br /><br />Наш командный дуэт: Ольга Биргер врач терапевт, диетолог Окружной клинической больницы г. Ханты-Мансийска и тренер Елена Парфенова, - сделали это! На двоих проплыли ультра дистанцию 54 км за 9 часов 52 минуты по крупнейшим рекам Западной Сибири: р. Иртыш и р. Обь.<br /><br />Почему 54 км ?<br />Иртыш вместе с Обью - самый протяженный водоток в России, третий по протяженности в Азии и шестой в мире, его протяженность 5410 км. Организаторы международной серии заплывов на открытой воде X-WATERS предложили проплыть одну сотую этого расстояния в рамках заплыва X-Waters Ugra. Так и родилась идея ультра заплыва в 54 км от г. Ханты-Мансийска до Крестьянско-фермерского хозяйства ""Богдашка"".<br /><br />Мы говорили перед стартом с Ольгой и Еленой о предстоящем заплыве и их подготовке, спрашивали как такое возможно, теперь с уверенностью они говорят нам «ДА, невозможное – возможно!»<br /><br />Первые мысли после финиша, впечатления после преодоленной ультра дистанции, а так же о чем думалось и как плылось все эти почти 10 часов:<br /><br />Ольга:<br />«Конечно, я довольна нашим результатом. Для меня он был желанным, но неожиданным.<br /><br />Стихия встретила нас яркими эмоциями: ветер, волны, холод. Это было настоящее испытание Севером. Усилия, конечно, были приложены, и сказать, что испытание я прошла на одном дыхании было бы лукавством. Стихия нас баловала разными испытаниями: сели на мель, большие волны, подтопление сопровождающей лодки, но цель была одна, ни шагу назад, только вперед.<br /><br />В процессе дистанции меня посещали разные мысли:<br />-Про то, чтобы остановиться, но как мне об этом сказать тренеру?..Нет, не в моих принципах. Плыву дальше.<br />-Темнота, где я? Ну да в воде))) она просто темная.<br />-Я мама двоих детей, главное доплыть здоровой. Я нужна детям.<br />-Как смотреть тренеру в глаза, нас уже обогнали и мы приплывем последними?<br />-Какие чудесные волны, какая вода, я покоряю Иртыш и Обь.<br />-Я плыву и наслаждаюсь.<br />-Сколько еще осталось плыть? Почему я не слышу свисток?<br /><br />Несомненно, в момент смены, когда я находилась в лодке, я следила за процессом и была максимально сконцентрирована. Это стихия и человек в борьбе с ней. Могло бы случиться разное, непредсказуемое. Я чувствовала поддержку родных и близких, знала, что все переживают и ждут. За это им отдельная благодарность. Это мощная синергия, придающая дополнительные силы.<br /><br />На финише я была безумно счастлива, когда мне тренер объявила, что мы первые.<br />Я воспитанница талантливой Елены Парфеновой, которая поверила в меня и дала вектор направления к победе.<br /><br />После заплыва у меня появились новые желания и стремления. Я увидела свои возможности в действии. Теперь хочется идти вперед, за новыми горизонтами. Тренировочный процесс продолжается, я не остановилась на достигнутом. Покорить 54 км повторно, думаю, в моих силах. Готова ко всему.»<br /><br />Елена:<br />«Очень счастлива что проплыли и довольна как проплыли этот сумасшедший заплыв на 54 км.<br /><br />Дуэт парней из Нижневартовска и Сургута всегда был в нашем поле зрения на протяжении всей дистанции, все почти 10 часов то они то мы лидировали. Благодаря этим парням все 54 км прошли динамично, и как говорится ни на секунду не расслабишься. В их дуэте как и в нашем был тандем тренер+ученик.<br /><br />Восхищаюсь Ольгой, она показала настоящую силу воли, характер, силу духа в борьбе с высокими волнами р. Обь, холодом.<br /><br />Одним словом заплыв был очень не простым, погода была действительно северной и испытала нас на прочность.<br /><br />На финише было две мысли: все получилось, мы это сделали и мне бы плед и в горячий душ согреться, отдохнуть.<br /><br />Когда я была в воде и начались волны, была довольна ""мм вот поплаваем сейчас"", когда меня сменила Ольга, при передаче эстафеты подсказала как лучше плыть на волне, и потом сидя в лодке смотрела, переживала и держала крестики чтобы все у Оли получилось и действительно получилось, она прекрасно справилась с волнующейся Обью. <br /><br />Первые две смены было много силы, может еще на адреналине, забиралась в лодку, ела, а потом брала в руки телефон, снимала видео, после прохождения половины дистанции сил на это уже не было, первым делом вытереться, укутаться и согреться горячим чаем, потом перекус и отдых, помню даже дремала по 20 минут. Думаю если погода выдалась солнечной было б намного легче, все таки холод отнимает много сил».<br /><br />Отважным девчонкам желаем интересных заплывов и всегда сохранять дух авантюризма!";"2023-07-21 15:35:00+05:00";published;;FALSE;;;;;;
97o9v5d581;;"X-WATERS Ugra 2023";;gallery;"https://static.tildacdn.com/tild3130-3564-4662-a162-303263656530/1000002383.jpg;https://static.tildacdn.com/tild3534-3266-4531-b763-356230306465/1000002382.jpg;https://static.tildacdn.com/tild6338-6365-4935-a435-393530353330/20230715_175626.jpg;https://static.tildacdn.com/tild3430-6461-4331-b239-383638363232/20230715_211921.jpg;https://static.tildacdn.com/tild6135-3338-4633-b262-313835316438/20230715_173637.jpg;https://static.tildacdn.com/tild3862-6431-4634-b365-373131656364/1000002036.jpg;https://static.tildacdn.com/tild6666-3462-4264-b466-666338383063/1000002037.jpg";"14-15 июля в Ханты-Мансийске была действительно северная погода и испытала пловцов на прочность!";"14-15 июля команда LPcrew, тренирующаяся в бассейне АУ ЮграМегаСпорт на этот раз действительно прошла испытание севером 🏊🏼‍♂️🏊🏼‍♀️ на X-WATERS Ugra 2023<br /><br />14 июля тренер команды Елена Парфенова и Ольга Биргер дуэтом проплыли 54 км и выиграли с результатом 9 ч. 52 мин.<br /><br />На следующий день 15 июля из-за сильного ветра и высокой волны все дистанции сократили до 2 км, награждение оставили по дистанциям, то есть все плыли 2 км, а соревновались между собой отдельно те кто зарегистрировался на 10 км, на 6 км и на 2 км.<br /><br />Нас было 12 человек:<br /><br />10 км (2 км)<br />Камиля Рахматулина топ-7 и 🥉 F40<br /><br />6 км (2 км)<br />Лилия Рахматулина F30 🥉<br />Тренер 🥉 в абсолютном зачете <br /><br />2 км<br />Ольга Биргер F40 🥇 (на минуточку накануне она проплыла 54 км, а 5 лет назад пришла учиться плавать)<br />Роман Петров M40 🥈 и топ-7<br />Валентина Жукова F40 🥉<br />Виктория Раевская F30 4-ая и топ-10<br />Анна Пакаева F30 5-ая<br />Елена Чиркова F50 7-ая<br />Равиля Ялаева F50 10-ая<br /><br />Наши Дебютанты соревнований на открытой воде, дистанция 2 км:<br />Александра Жетикова F40 4-ая<br />Елена Колесникова F50 9-ая<br /><br />Заплывы посвящены Елене Коневой, которая должна была плыть вместе с нами, но за неделю до старта на выездных соревнованиях на озере Тургояк получила травму.<br /><br />Организаторам СПАСИБО, было безопасно и хорошо организовано! Прекрасный праздник спорта, праздник плавания #xwatersugra во второй раз у нас в Ханты-Мансийске.";"2023-07-18 20:44:00+05:00";published;;FALSE;;;;;;
vjvmhuuk21;;"VI международный заплыв на открытой воде X-Waters Ural";;gallery;"https://static.tildacdn.com/tild3239-3231-4265-b338-316437373863/20230708_115259.jpg;https://static.tildacdn.com/tild3735-3161-4437-b030-356139343562/IMG-504321d1a2b4077c.jpg;https://static.tildacdn.com/tild3866-6234-4333-b835-326263343736/IMG-c7781563a73095de.jpg;https://static.tildacdn.com/tild6638-6132-4337-b163-316164336665/IMG-640aee601ed100e6.jpg";"Провели спортивные выходные на Урале.";"X-WATERS Ural 2023<br />VI международный заплыв на открытой воде<br /><br />Более 1500 человек участников из 6 стран мира и городов со всей России.<br /><br />08.07.2023 Шесть пловцов-любителей команды LPcrew выступили на дистанциях 1 км и 1 морская миля.<br /><br />Ольга Биргер проплыла 1 морскую милю за 35 мин. 36 сек.<br /><br />Остальные участники нашей команды участвовали в заплыве на 1 км:<br /><br />Марсель Бакиев 26.53<br /><br />Валентина Жукова 27.04<br /><br />Елена Конева 30.34<br /><br />Виктория Раевская 26.47<br /><br />Тренер Елена Парфенова проплыла 1 км, время 17 мин. 02 сек. и заняла 3 место в абсолютном зачёте.<br /><br />Тренер: ""Марсель начал заниматься плаванием в этом тренировочном сезоне, наладили с ним технику кроля, он загорелся желанием выступить на соревнованиях, и успешно проплыл свой первый километр на открытой воде. Довольна как выступили, для нас это первый такой выездной старт, понравилась организация и массовость мероприятия, на три дня погрузились в плавательную тусовку. Уже запланировали участие в следующем году.""<br /><br />Виктория Раевская занимается плаванием 5 лет, но соревноваться на открытой воде решилась в этом году.<br /><br />Виктория: ""Дебютный заплыв вдохновил меня на новые достижения и горизонты.""<br /><br />Комментарий команды LPcrew: ""От нас, как от участников соревнований, мы выражаем благодарность нашему тренеру - Елене Сергеевне, которая нас вдохновляет, тренирует и придает уверенности в своих силах, и мы ее не подводим.""<br /><br />Следующий старт - команда выступит в Ханты-Мансийске на X-Waters Ugra 14-15 июля 2023.";"2023-07-09 14:54:00+05:00";published;;FALSE;;;;;;
xg4yhmdml1;;"Плывем 54 км на X-Waters UGRA 2023";;gallery;"https://static.tildacdn.com/tild6533-6464-4264-b732-383230373130/4Q9A1687.JPG;https://static.tildacdn.com/tild3062-3933-4063-b663-323134646235/4Q9A1658.JPG;https://static.tildacdn.com/tild3364-3234-4938-b134-313464333731/4Q9A1592.JPG;https://static.tildacdn.com/tild6537-6564-4231-a639-346266363464/4Q9A1614.JPG";"Ханты-Мансийск, 14 июля 2023<br />6 вопросов участникам ультра заплыва, плывущим#nbsp;в поддержку сбора на активный протез руки 12-ти летней девочке";"Ханты-Мансийск, 14 июля 2023<br /><br />р. Иртыш, р. Обь, 54 км X-WATERS Ugrа<br /><br />Спортивный дуэт: Ольга Биргер врач терапевт, диетолог Окружной клинической больницы г. Ханты-Мансийска и Елена Парфенова тренер по плаванию, а так же сотрудник МЧС.<br /><br />Что может ждать такой дуэт с идеальным спортивным планом и идеальным планом по питанию, только одно - успешное преодоление намеченной ультра-дистанции.<br /><br />Елена в плавании с детства, сейчас является тренером любительской команды из Ханты-Мансийска LPcrew. Ольга - ее ученица, научилась плыть кролем уже будучи взрослым человеком, в команде 5 лет.<br /><br />Поговорили с Ольгой и Еленой о предстоящем старте и их подготовке.<br /><br />1. Когда впервые пришла идея отважиться на такой большой заплыв? Какие были чувства? Поддерживают вас родные?<br /><br />Ольга: Идея пришла с командным духом. Тренер является идейный вдохновителем и мотиватором. Всегда поддержит и придаст уверенность в собственных силах. Чем ближе заплыв, тем больше осознанности. Родные поддерживают, говорят я все смогу, придут на заплыв.<br /><br />Елена: Загорелась проплыть еще в прошлом году при объявлении маршрута дистанции, еще смелее стали мысли после успешного финиша ребят из Московского клуба. А когда в нашей команде нашлись такие же отважные желающие на такую дистанцию, не плыть в этом году было просто не возможно. Близкие ужасаются километражу дистанции, но точно верят в мои силы.<br /><br />2. Какие секретики в подготовке вы предприняли уже и какие собираетесь предпринять?<br /><br />Ольга: Секретов нет, тренируюсь в штатном режиме, планируем тактику действий в ходе заплыва (что с собой взять, как улучшить качество самочувствия).<br /><br />Елена: открытая вода не бассейн, тут не малую роль сыграет тактика и ориентирование на дистанции, поймать волну как говорится, найти и плыть в наиболее быстром течении. В прошлом году на дистанциях 2, 6 и 10 км у нас была карта реки с примерными ориентирами, подготовленная участницей нашей команды Натальей, в этом году тоже готовим.<br /><br />3. Может ли вас что-то остановить или передумать?<br /><br />Ольга: Задумалась, до вопроса, даже не думала об этом)) Решение принято и не в моих правилах отступать.<br /><br />Елена: Подготовка полным ходом, не думаю, что что-либо сможет внести коррективы, и да плывем мы Дуэтом, товарища никак нельзя подвести.<br /><br />4. Расскажите про вашу любовь к плаванию. Когда начали заниматься, почему? Когда впервые вышли на открытую воду?<br /><br />Ольга: Вода – особая энергия, которая помогает восстановиться после любых текущих процессов. Заниматься я начала 5 лет назад и меня затянуло. Команда, тренировочный процесс, все приносит удовольствие. На открытую воду вышла впервые под руководством нашего тренера Парфёновой Елены при подготовке к стартам ""Югорская миля"" в 2021 году.<br /><br />Елена: А я плаваю с детства, раньше это был спринт в бассейне, доплавала до КМС, сейчас плавание занимает значительное место в моей жизни, у меня есть любимая команда LPcrew, и как-то шутки ради говорили о старте в г. Дубай ОАЭ, шутки шутками, но в декабре 2019 года я и участница нашей команды Камиля поехали на свой первый и первый старт нашей команды на открытой воде X-Waters Dubai. Понравилось, затянуло и не остановились на достигнутом.<br /><br />5. Что пожелаете тем, кто боится выходить плыть на открытую воду?<br /><br />Ольга: Верить в себя, все безопасно, никто не останется без внимания сопровождающих.<br /><br />Елена: Тренироваться, плавать с тренером, найти компанию единомышленников.<br /><br />6. Что пожелаете всем участникам этого крутого заплыва?<br /><br />Ольга: Всем отличного настроения! Пусть заплыв принесёт массу положительных эмоций, незабываемых впечатлений, расширит собственные границы и даст движение новым территориальным горизонтам. В воде думать о хорошем, а можно и не думать просто наслаждаться процессом и водой.<br /><br />Елена: Получить удовольствие от заплыва, хорошей погоды и успешного финиша.<br /><br />Уже второй год ультра дистанция 54 км на X-Waters Ugra является благотворительной. Стартующие на дистанции 54 км плывут в поддержку сбора на активный протез руки для двенадцатилетней Александры Андреевой (диагноз – врожденная адактилия правой руки).<br /><br />Пожертвования на любую сумму можно переводить уже сейчас по ссылке ниже, сбор продлится до окончания ультра заплыва.<br /><br /><a href=""https://vk.com/away.php?to=https%3A%2F%2Fsdelai.org%2Fru%2Facts%2F2284&amp;post=-168783663_669&amp;cc_key="" target=""_blank"" rel=""noreferrer noopener"">https://sdelai.org/ru/acts/2284</a>";"2023-07-06 17:00:00+05:00";published;;FALSE;;;;;;
b2kyc2ben1;;"В Ханты-Мансийске проходит Всероссиская Студенческая Весна 2023";;gallery;"https://static.tildacdn.com/tild3965-3265-4534-a135-383135376333/IMG_4795.jpeg;https://static.tildacdn.com/tild6432-3362-4235-b062-326130613238/IMG_4799.jpeg";"Почти приняли участие в автоквесте :)";"У нас в Ханты-Мансийске проходит XXXI Всероссийский фестиваль ""Российская студенческая весна"".<br /><br />В рамках фестиваля был организован автоквест по городу с тематикой городских легенд. Интересно же!?! Вот и мы так подумали, а у нас как раз командные форменные футболки готовы, и чем Автоквест не повод выйти ""в свет"" в новых крутых командных футболках.<br /><br />Ииии...как оказалось на месте сбора всех участников, что мест в квесте всего на 30 команд, а заявок подано 170. Первые 30 участвуют или следующие по списку в случае не явки кого-то из первых 30.<br /><br />До нас очередь к сожалению не дошла, но не пропадать же такому хорошему вечеру. Вообщем первое где мы появились в наших командных футболках это оказался бар нашего города Ханты-Мансийска.";"2023-06-09 19:00:00+05:00";published;;FALSE;;LenaLera;;;;
2rfx6bmtj1;;"Открытие сезона открытой воды 2023";;video;https://youtu.be/kz6cedlAedA;"Ханты-Мансийск 4 июня тренировка на озере";"С конца мая на севере устоялась очень теплая погода, вода быстро прогревалась и уже в первых числах июня мы решили открыть сезон плавания на открытой воде.<br /><br />Воскресенье. После утренней тренировки в бассейне выехали на базу отдыха ""Серебряное озеро"". План был ""попробовать"" воду, осмотреться. В итоге: первые в этом году 1,5 км на открытой воде - переплыли озеро поперек и вернулись на пирс. Плюс отличное настроение, легкий загар и новое видео в коллекцию.<br /><br />p.s. На эти выходные так же был план тренировки на озере, к сожалению, погода вносит свои коррективы. Неделю одеваемся тепло и плаваем в бассейне.";"2023-06-04 16:00:00+05:00";published;;FALSE;https://static.tildacdn.com/tild3561-3531-4437-b965-663337626561/IMG_4627.jpeg;LenaLera;"Открытая вода, плавание, триатлон, озеро, тренировки на открытой воде";;;
gpxah4jct1;;"Финал Югорского Марафона в бассейнах округа";;image;https://static.tildacdn.com/tild3066-3737-4237-a362-343361656565/IMG_4309.jpeg;;"В бассейнах Ханты-Мансийского автономного округа завершились региональные заочные соревнования по плаванию, которые проходили в несколько этапов в течении спортивного сезона 2022/2023. Организаторами выступила Федерация плавания и водного поло Югры. Партнер соревнований MAD WAVE.<br /><br />С 16 апреля по 9 мая проходил финальный 4 этап «Югорский марафон - 78 лет Победы» на дистанции 1950 метров (Семьдесят восемь 25-ти метровых бассейнов). Места распределялись среди возрастных категорий. Команда LPcrew выступила в небольшом, но стопроцентном призовом составе:<br /><br />1 место - тренер команды Елена Парфенова.<br /><br />2 место - Лилия Глебова.<br /><br />В цветочную церемонию (4-8 места) вошли:<br /><br />Камиля Рахматулина, Равиля Ялаева и Валентина Жукова.<br /><br />1850✅ 3000✅ 2100✅ 1950 ✅ 5250 ➖";"2023-05-28 12:08:00+05:00";published;;FALSE;;;;;;
l0tlv9gfx1;;"Авантюрный заплыв в ОАЭ, г. Дубай";;image;https://static.tildacdn.com/tild6638-3461-4065-b465-336161656636/IMG_9801.JPG;"С чего все начиналось - самый первый заплыв на открытой воде X-Waters Dubai 2019";"С чего все начиналось - самый первый заплыв на открытой воде X-Waters Dubai 2019.<br /><br />""В 2019 году плавание на открытой воде среди любителей набирало обороты. По окончанию плавательного сезона 2018/2019 занимающиеся у меня стали задаваться вопросом ""может и нам попробовать себя в так сказать новом амплуа, куда поехать, какие есть старты на открытой воде"". Я проштудировала виртуальное пространство, прикинула план заплывов на сезон 2019/2020, более менее доступных по удаленности/протяженности/подготовленности. В этот список попал и заплыв в Объединенных Арабских Эмиратах от Международной серии заплывов на открытой воде X-Waters, не столько ради спортивной реальной цели, а больше для наглядности - показать, что есть интересные старты и за рубежом, и это все ""ближе"" чем кажется.<br /><br />Даты заплыва были в декабре, далеко не солнечном месяце в нашем регионе, и поэтому еще более заветным для нас, жителей Севера. Вот так, шутки ради, у нас завелись разговорчики в стиле ""а поплывем в Дубае"". В сентябре шутка переросла в серьезный вопрос, и вот нас двое: я и Камиля Рахматулина, покупающих стартовый слот, билеты на самолет и отель в районе старта заплыва.<br /><br />Дальше все как и должно быть: подготовились, собрали чемоданы и поехали пробовать что-то новое на тот момент для нас в плавании. Дистанцию выбрали самую небольшую - 2 км.<br /><br />Море было достаточно теплым, организаторами был запрещен старт в гидрокостюмах, все плыли в купальниках и загорали, соленая вода, волны, необычно и непривычно, понравилось и захотелось плавательного продолжения...""";"2023-04-21 01:38:00+05:00";published;;FALSE;;"Тренер команды LPcrew Елена Парфенова";;;;
i01g90b4u1;;"Движемся к 5-ти километровому заплыву и открытой воде";;image;https://static.tildacdn.com/tild3839-3163-4966-b666-393466326538/image2_2.jpeg;"Награждение «Югорский марафон» 3 этап, дистанция 2100 м";"В бассейнах Ханты-Мансийского автономного округа продолжаются региональные заочные соревнования по плаванию под эгидой Федерации плавания и водного поло Югры.<br />В течении спортивного сезона 2022/2023 участникам предстоит преодолеть 5 этапов разной протяженности от 1850 до 5250 метров, быть в хорошей форме и успешно подготовиться к летнему старту на открытой воде в г. Ханты-Мансийске X-Waters Ugra Международной серии заплывов на открытой воде X-Waters.<br /><br />С 23 февраля по 08 марта 2023 года прошел 3 этап соревнований, дистанция 2100 метров ""Югорский марафон - Югорский мост"". Места распределяются среди возрастных категорий. Команда LPcrew показала отличные результаты:<br /><br />1 место - Лилия Глебова.<br /><br />3 место - Виктория Раевская и Лилия Рахматулина.<br /><br />В цветочную церемонию (4-8 места) вошли:<br /><br />Камиля Рахматулина, Ольга Биргер, Елена Конева, Анна Дончик и Валентина Жукова";"2023-03-31 21:00:00+05:00";published;;FALSE;https://static.tildacdn.com/tild3938-3335-4434-b935-313038396262/image2_2.jpeg;LenaLera;;;;
zh525ublz1;;"Городские соревнования по плаванию, бассейн 25 метров";;image;https://static.tildacdn.com/tild3037-3033-4661-b634-656561393336/image0_10.jpeg;"Спартакиада города Ханты-Мансийска по плаванию среди ветеранов спорта 25 лет+";"С<span style=""color: rgb(10, 10, 10);"">партакиада города Ханты-Мансийска по плаванию среди ветеранов спорта, возраст 25 лет+ </span><br /><br /><span style=""color: rgb(10, 10, 10);"">Наша команда </span><a href=""https://vk.com/feed?section=search&amp;q=%23LPcrew"" style=""color: rgb(10, 10, 10);"">LPcrew</a><span style=""color: rgb(10, 10, 10);"">, тренирующаяся в бассейне АУ ""</span><a href=""https://vk.com/ugramegasport"" style=""color: rgb(10, 10, 10);"">ЮграМегаСпорт</a><span style=""color: rgb(10, 10, 10);"">"" : </span><br /><br /><a href=""https://vk.com/ennidonchik"" style=""color: rgb(10, 10, 10);"">Анна Дончик</a><span style=""color: rgb(10, 10, 10);"">, </span><a href=""https://vk.com/lili_yar"" style=""color: rgb(10, 10, 10);"">Лилия Рахматулина</a><span style=""color: rgb(10, 10, 10);"">, Лилия Глебова, </span><a href=""https://vk.com/viktorran"" style=""color: rgb(10, 10, 10);"">Виктор Ранинен</a><span style=""color: rgb(10, 10, 10);"">, </span><a href=""https://vk.com/id116949740"" style=""color: rgb(10, 10, 10);"">Камиля Рахматулина</a><span style=""color: rgb(10, 10, 10);"">, Елена Колесникова и тренер Елена Парфенова.</span><br /><br /><span style=""color: rgb(10, 10, 10);"">Дистанция 50 м в/с, достижения: 3 золота, 1 серебро и 1 бронза, а так же двое дебютантов на соревнованиях в спринте.</span>";"2023-03-18 13:00:00+05:00";published;;FALSE;https://static.tildacdn.com/tild3431-3431-4439-a166-376331356236/image0_10.jpeg;LenaLera;;;;
a83d8pog11;;"Предновогодний длинный соревновательный заплыв";;image;https://static.tildacdn.com/tild3533-6230-4662-b631-633734346233/IMG_0884.JPG;"Югорский марафон 3000 метров";"В бассейнах Ханты-Мансийского автономного округа продолжаются региональные заочные соревнования по плаванию под эгидой Федерации плавания и водного поло Югры.<br />В течении спортивного сезона 2022/2023 участникам предстоит преодолеть 5 этапов разной протяженности от 1850 до 5250 метров, быть в хорошей форме и успешно подготовиться к летнему старту на открытой воде в г. Ханты-Мансийске X-Waters Ugra Международной серии заплывов на открытой воде X-Waters.<br /><br />Предновогодний соревновательный этап длинной в 3000 метров прошел с 12 декабря по 31 декабря 2022 года. Места распределяются среди возрастных категорий. Команда LPcrew выступила в составе 8 человек, завоевала 3 золота и призовые места:<br /><br />1 место - Лилия Глебова, Камиля Рахматулина и тренер команды Елена Парфенова.<br />3 место - Ольга Биргер.<br />В цветочную церемонию (4-8 места) вошли: Александра Жетикова, Виктория Раевская, Лилия Рахматулина и Наталья Долматова.";"2023-01-24 21:00:00+05:00";published;;FALSE;https://static.tildacdn.com/tild3461-6364-4337-b963-373162306465/IMG_0884.JPG;LenaLera;;;;
r0bvb4kc01;;"О нашем тренере";;image;https://static.tildacdn.com/tild6365-6431-4133-b461-396238363563/photo.jpeg;"Интервью в программе AvTOP Party на телеканале Югра";;"2022-12-31 00:47:00+05:00";published;https://vkvideo.ru/video-142554319_456239306;TRUE;;;;;;
yak8skcpa1;;"Встречаем новый 2023 год";;image;https://static.tildacdn.com/tild6336-6263-4437-b961-616566613634/__2_003.jpeg;"Традиционный подводный корпоратив";"25 декабря прошел наш традиционный новогодний водный/подводный корпоратив<br /><br />В бассейне было весело, празднично и громко<br /><br />2023 год - Год Водяного Кролика<br /><br />До встречи в 2023!)";"2022-12-25 11:00:00+05:00";published;https://vk.com/video4666054_456239663;TRUE;https://static.tildacdn.com/tild3665-3834-4534-b434-646537363636/__2_003.jpeg;LenaLera;;;;
opnnbsm0o1;;"Вечерняя тренировка на открытой воде";;image;https://static.tildacdn.com/tild3063-3630-4238-b230-336431626636/IMG_5064.JPG;"У нас весело";[];"2022-08-12 18:00:00+05:00";published;https://vk.com/video4666054_456239552;TRUE;;;;;;
43ethim1b1;;"Успешное выступление на X-Waters Ugra 2022";;image;https://static.tildacdn.com/tild3465-6664-4838-b431-653362306139/IMG_3744.JPG;"16 июля команда LPcrew покорила Сибирскую реку Иртыш";"16 июля команда LPcrew прошла испытание Севером и покорила Сибирскую реку Иртыш на <a href=""https://vk.com/xwaters_ugra"">X-WATERS Ugra 2022</a>. Нас было 12 человек:<br /><br />Дистанция 10 км:<br /><br />Наталья Долматова ТОП-5<br />Юрий Запрягаев ТОП-10<br />Елена Парфенова 2 место в абсолютном зачете<br /><br />Дистанция 6 км:<br /><br />Лилия Глебова F50 1 место и ТОП-5 в абсолютном зачете<br />Камиля Рахматулина F30 3 место и ТОП-8 в абсолютном зачете<br />Лилия Рахматулина F30 5-ая и ТОП-10 в абсолютном зачете<br />Владислав Губенко M30 12-ый <br /><br />Дистанция 2 км:<br /><br />Роман Петров M40 1 место<br />Равиля Ялаева F50 4-ая<br />Анна Дончик F30 4-ая <br />Валентина Жукова F30 8-ая <br />Елена Конева F30 11-ая <br /><br />Важное СПАСИБО нашей Наталье ! -<br />она исследовала Иртыш вдоль и поперёк, нарисовала карту на все дистанции и с таким энтузиазмом и азартом рассказывала нам и показывала про навигацию на дистанциях <br /><br />Это было радостно, это было ярко, это было массово и хорошо организовано! Прекрасный праздник спорта, праздник плавания получился у нас в Ханты-Мансийске.";"2022-07-16 21:00:00+05:00";published;;FALSE;;LenaLera;;;;
4n4eakxs21;;"Тренера в воду";;image;;"Хорошо проплыли - искупали и тренера";[];"2021-07-03 13:00:00+05:00";published;https://vk.com/video4666054_456239759;TRUE;https://static.tildacdn.com/tild3563-3766-4332-b537-366662643032/___.jpg;;;;;
